BUSINESS_DATE,SYMBOL,OPEN_PRICE,HIGH_PRICE,LOW_PRICE,CLOSE_PRICE,TOTAL_TRADED_QUANTITY,TOTAL_TRADED_VALUE
2019-06-17,SMFBS,0.0,281.0,276.0,281.0,20.0,5570.0
2019-06-24,SMFBS,0.0,295.0,295.0,295.0,10.0,2950.0
2019-06-26,SMFBS,0.0,309.0,309.0,309.0,10.0,3090.0
2019-06-30,SMFBS,0.0,339.0,324.0,339.0,70.0,23460.0
2019-07-01,SMFBS,0.0,355.0,355.0,355.0,10.0,3550.0
2019-07-03,SMFBS,0.0,379.0,372.0,379.0,20.0,7510.0
2019-07-04,SMFBS,0.0,416.0,397.0,416.0,50.0,20450.0
2019-07-07,SMFBS,0.0,457.0,436.0,457.0,4077.0,1847973.0
2019-07-08,SMFBS,0.0,490.0,450.0,465.0,9483.0,4508220.0
2019-07-09,SMFBS,0.0,479.0,461.0,478.0,3110.0,1462510.0
2019-07-10,SMFBS,0.0,475.0,464.0,465.0,1230.0,575690.0
2019-07-11,SMFBS,0.0,469.0,459.0,466.0,1800.0,839360.0
2019-07-14,SMFBS,0.0,470.0,462.0,465.0,1400.0,651340.0
2019-07-15,SMFBS,0.0,475.0,465.0,472.0,850.0,400070.0
2019-07-16,SMFBS,0.0,480.0,465.0,471.0,550.0,258580.0
2019-07-17,SMFBS,0.0,479.0,464.0,475.0,770.0,364360.0
2019-07-18,SMFBS,0.0,484.0,473.0,473.0,360.0,171140.0
2019-07-21,SMFBS,0.0,499.0,465.0,499.0,1668.0,803538.0
2019-07-22,SMFBS,0.0,520.0,484.0,493.0,895.0,440810.0
2019-07-23,SMFBS,0.0,517.0,481.0,494.0,1340.0,654710.0
2019-07-24,SMFBS,0.0,519.0,487.0,519.0,3478.0,1764600.0
2019-07-25,SMFBS,0.0,531.0,494.0,516.0,8690.0,4497410.0
2019-07-28,SMFBS,0.0,523.0,497.0,503.0,1200.0,607850.0
2019-07-29,SMFBS,0.0,550.0,510.0,550.0,2730.0,1454200.0
2019-07-30,SMFBS,0.0,597.0,544.0,597.0,2292.0,1290213.0
2019-07-31,SMFBS,0.0,656.0,590.0,656.0,3250.0,2059485.0
2019-08-01,SMFBS,0.0,721.0,664.0,721.0,3670.0,2618540.0
2019-08-04,SMFBS,0.0,793.0,756.0,793.0,1770.0,1369470.0
2019-08-05,SMFBS,0.0,872.0,780.0,825.0,10582.0,8880384.0
2019-08-06,SMFBS,0.0,815.0,743.0,749.0,3869.0,2958205.0
2019-08-07,SMFBS,0.0,810.0,690.0,805.0,2070.0,1585625.0
2019-08-08,SMFBS,0.0,793.0,750.0,793.0,530.0,408670.0
2019-08-11,SMFBS,0.0,872.0,808.0,837.0,3870.0,3241805.0
2019-08-12,SMFBS,0.0,848.0,817.0,829.0,1060.0,876010.0
2019-08-13,SMFBS,0.0,844.0,814.0,824.0,825.0,680625.0
2019-08-14,SMFBS,0.0,824.0,808.0,824.0,1060.0,866340.0
2019-08-15,SMFBS,0.0,829.0,809.0,829.0,510.0,417910.0
2019-08-18,SMFBS,0.0,830.0,801.0,825.0,1400.0,1139030.0
2019-08-19,SMFBS,0.0,847.0,810.0,834.0,940.0,775110.0
2019-08-20,SMFBS,0.0,835.0,818.0,835.0,470.0,386290.0
2019-08-21,SMFBS,0.0,820.0,806.0,811.0,670.0,544470.0
2019-08-22,SMFBS,0.0,820.0,804.0,811.0,360.0,291900.0
2019-08-25,SMFBS,0.0,820.0,793.0,820.0,840.0,672540.0
2019-08-26,SMFBS,0.0,820.0,800.0,812.0,1340.0,1079760.0
2019-08-27,SMFBS,0.0,821.0,800.0,818.0,510.0,414410.0
2019-08-28,SMFBS,0.0,818.0,800.0,814.0,790.0,634200.0
2019-08-29,SMFBS,0.0,817.0,802.0,817.0,90.0,72720.0
2019-09-01,SMFBS,0.0,812.0,802.0,812.0,210.0,168760.0
2019-09-02,SMFBS,0.0,808.0,797.0,808.0,1190.0,952310.0
2019-09-03,SMFBS,0.0,840.0,792.0,840.0,451.0,363906.0
2019-09-04,SMFBS,0.0,833.0,801.0,813.0,370.0,299120.0
2019-09-05,SMFBS,0.0,815.0,800.0,815.0,580.0,470450.0
2019-09-08,SMFBS,0.0,810.0,800.0,809.0,170.0,136930.0
2019-09-09,SMFBS,0.0,805.0,794.0,805.0,320.0,255440.0
2019-09-10,SMFBS,0.0,812.0,792.0,810.0,320.0,256620.0
2019-09-11,SMFBS,0.0,810.0,798.0,805.0,190.0,152200.0
2019-09-12,SMFBS,0.0,800.0,791.0,798.0,249.0,197338.0
2019-09-15,SMFBS,0.0,813.0,785.0,800.0,690.0,547130.0
2019-09-16,SMFBS,0.0,805.0,786.0,805.0,210.0,166540.0
2019-09-17,SMFBS,0.0,825.0,795.0,807.0,170.0,138660.0
2019-09-18,SMFBS,0.0,823.0,800.0,821.0,440.0,357540.0
2019-09-19,SMFBS,0.0,820.0,795.0,796.0,170.0,136630.0
2019-09-22,SMFBS,0.0,790.0,771.0,790.0,80.0,62360.0
2019-09-23,SMFBS,0.0,796.0,776.0,796.0,120.0,94060.0
2019-09-24,SMFBS,0.0,800.0,780.0,800.0,240.0,189220.0
2019-09-25,SMFBS,0.0,798.0,775.0,798.0,140.0,109930.0
2019-09-26,SMFBS,0.0,801.0,786.0,795.0,340.0,267480.0
2019-09-29,SMFBS,0.0,810.0,785.0,800.0,180.0,143110.0
2019-09-30,SMFBS,0.0,790.0,775.0,785.0,90.0,70310.0
2019-10-01,SMFBS,0.0,809.0,800.0,801.0,350.0,280210.0
2019-10-02,SMFBS,0.0,792.0,791.0,791.0,20.0,15830.0
2019-10-03,SMFBS,0.0,806.0,800.0,801.0,141.0,113410.0
2019-10-14,SMFBS,0.0,786.0,778.0,781.0,530.0,413508.0
2019-10-15,SMFBS,0.0,780.0,770.0,780.0,70.0,54160.0
2019-10-17,SMFBS,0.0,786.0,771.0,777.0,800.0,624860.0
2019-10-20,SMFBS,0.0,777.0,770.0,775.0,50.0,38620.0
2019-10-21,SMFBS,0.0,780.0,776.0,780.0,149.0,115990.0
2019-10-22,SMFBS,0.0,775.0,766.0,771.0,90.0,69380.0
2019-10-23,SMFBS,0.0,764.0,760.0,760.0,30.0,22870.0
2019-10-24,SMFBS,0.0,775.0,760.0,774.0,100.0,76960.0
2019-10-31,SMFBS,0.0,780.0,771.0,772.0,60.0,46420.0
2019-11-03,SMFBS,0.0,768.0,764.0,768.0,60.0,46000.0
2019-11-04,SMFBS,0.0,795.0,782.0,795.0,110.0,86870.0
2019-11-05,SMFBS,0.0,783.0,775.0,775.0,140.0,109410.0
2019-11-06,SMFBS,0.0,778.0,770.0,778.0,100.0,77200.0
2019-11-07,SMFBS,0.0,790.0,771.0,780.0,170.0,133140.0
2019-11-10,SMFBS,0.0,785.0,774.0,775.0,843.0,659165.0
2019-11-11,SMFBS,0.0,821.0,770.0,821.0,373.0,293490.0
2019-11-12,SMFBS,0.0,821.0,770.0,780.0,90.0,71920.0
2019-11-13,SMFBS,0.0,782.0,767.0,780.0,120.0,93350.0
2019-11-14,SMFBS,0.0,800.0,770.0,785.0,710.0,556820.0
2019-11-17,SMFBS,0.0,796.0,780.0,796.0,140.0,110310.0
2019-11-18,SMFBS,0.0,811.0,785.0,800.0,689.0,552615.0
2019-11-19,SMFBS,0.0,816.0,789.0,793.0,270.0,216180.0
2019-11-20,SMFBS,0.0,805.0,793.0,795.0,490.0,390250.0
2019-11-21,SMFBS,0.0,787.0,780.0,780.0,160.0,125750.0
2019-11-24,SMFBS,0.0,783.0,768.0,783.0,240.0,184750.0
2019-11-25,SMFBS,0.0,800.0,774.0,800.0,170.0,132610.0
2019-11-26,SMFBS,0.0,790.0,775.0,785.0,70.0,54800.0
2019-11-27,SMFBS,0.0,800.0,772.0,800.0,150.0,117710.0
2019-11-28,SMFBS,0.0,816.0,800.0,814.0,840.0,682030.0
2019-12-01,SMFBS,0.0,798.0,753.0,771.0,380.0,290170.0
2019-12-02,SMFBS,0.0,800.0,770.0,784.0,220.0,171940.0
2019-12-03,SMFBS,0.0,795.0,771.0,789.0,160.0,125310.0
2019-12-04,SMFBS,0.0,812.0,784.0,810.0,770.0,617380.0
2019-12-05,SMFBS,0.0,829.0,809.0,824.0,1590.0,1304490.0
2019-12-08,SMFBS,0.0,840.0,822.0,839.0,510.0,421110.0
2019-12-09,SMFBS,0.0,916.0,848.0,885.0,630.0,549332.0
2019-12-10,SMFBS,0.0,920.0,851.0,920.0,1053.0,920806.0
2019-12-11,SMFBS,0.0,948.0,880.0,930.0,836.0,762430.0
2019-12-12,SMFBS,0.0,939.0,907.0,939.0,1407.0,1284125.0
2019-12-15,SMFBS,0.0,923.0,890.0,918.0,999.0,903160.0
2019-12-16,SMFBS,0.0,928.0,893.0,909.0,2238.0,2010684.0
2019-12-17,SMFBS,0.0,963.0,891.0,943.0,810.0,757000.0
2019-12-18,SMFBS,0.0,940.0,892.0,940.0,1230.0,1103340.0
2019-12-19,SMFBS,0.0,922.0,870.0,913.0,1491.0,1311483.0
2019-12-22,SMFBS,0.0,907.0,890.0,903.0,190.0,171210.0
2019-12-23,SMFBS,0.0,914.0,885.0,907.0,460.0,413080.0
2019-12-24,SMFBS,0.0,925.0,872.0,897.0,130.0,116430.0
2019-12-25,SMFBS,0.0,902.0,876.0,880.0,600.0,530580.0
2019-12-26,SMFBS,0.0,897.0,878.0,895.0,220.0,194350.0
2019-12-29,SMFBS,0.0,912.0,881.0,894.0,510.0,453040.0
2019-12-30,SMFBS,0.0,900.0,877.0,888.0,1000.0,883105.0
2019-12-31,SMFBS,0.0,918.0,875.0,875.0,2170.0,1913970.0
2020-01-01,SMFBS,0.0,893.0,877.0,877.0,650.0,578040.0
2020-01-02,SMFBS,0.0,936.0,885.0,933.0,5842.0,5325726.0
2020-01-05,SMFBS,0.0,992.0,925.0,992.0,2910.0,2782110.0
2020-01-06,SMFBS,0.0,992.0,961.0,980.0,2049.0,1992888.0
2020-01-07,SMFBS,0.0,1002.0,980.0,992.0,1665.0,1656795.0
2020-01-08,SMFBS,0.0,1072.0,985.0,1070.0,3610.0,3742640.0
2020-01-09,SMFBS,0.0,1177.0,1080.0,1177.0,7037.0,8119438.0
2020-01-12,SMFBS,0.0,1044.0,968.0,1044.0,3006.0,3115948.0
2020-01-13,SMFBS,0.0,1083.0,1025.0,1025.0,1395.0,1452205.0
2020-01-14,SMFBS,0.0,1045.0,985.0,1024.0,490.0,493580.0
2020-01-15,SMFBS,0.0,1042.0,990.0,1042.0,1235.0,1240225.0
2020-01-16,SMFBS,0.0,1090.0,1022.0,1090.0,257.0,268554.0
2020-01-19,SMFBS,0.0,1090.0,1015.0,1017.0,970.0,1011390.0
2020-01-20,SMFBS,0.0,1016.0,970.0,970.0,600.0,593910.0
2020-01-21,SMFBS,0.0,980.0,932.0,964.0,1487.0,1403051.0
2020-01-22,SMFBS,0.0,969.0,946.0,951.0,480.0,459090.0
2020-01-23,SMFBS,0.0,989.0,952.0,952.0,540.0,523970.0
2020-01-26,SMFBS,0.0,960.0,910.0,913.0,1300.0,1215300.0
2020-01-27,SMFBS,0.0,975.0,922.0,970.0,1445.0,1366462.0
2020-01-28,SMFBS,0.0,1018.0,956.0,1018.0,1560.0,1536380.0
2020-01-29,SMFBS,0.0,1030.0,980.0,990.0,551.0,557414.0
2020-01-30,SMFBS,0.0,1035.0,1000.0,1004.0,890.0,904270.0
2020-02-02,SMFBS,0.0,1019.0,991.0,1010.0,974.0,980091.0
2020-02-03,SMFBS,0.0,1010.0,985.0,985.0,834.0,827880.0
2020-02-04,SMFBS,0.0,1025.0,1000.0,1006.0,660.0,671140.0
2020-02-05,SMFBS,0.0,1025.0,994.0,1023.0,400.0,407225.0
2020-02-06,SMFBS,0.0,1044.0,1004.0,1005.0,867.0,880766.0
2020-02-09,SMFBS,0.0,1044.0,989.0,1044.0,610.0,607080.0
2020-02-10,SMFBS,0.0,1064.0,1003.0,1003.0,170.0,174400.0
2020-02-11,SMFBS,0.0,1042.0,1010.0,1040.0,565.0,581000.0
2020-02-12,SMFBS,0.0,1058.0,1025.0,1045.0,980.0,1026090.0
2020-02-13,SMFBS,0.0,1111.0,1065.0,1076.0,2302.0,2512956.0
2020-02-16,SMFBS,0.0,1147.0,1082.0,1140.0,1194.0,1321642.0
2020-02-17,SMFBS,0.0,1186.0,1140.0,1166.0,584.0,679310.0
2020-02-18,SMFBS,0.0,1173.0,1144.0,1144.0,960.0,1106619.0
2020-02-19,SMFBS,0.0,1200.0,1143.0,1178.0,1091.0,1286885.0
2020-02-20,SMFBS,0.0,1295.0,1155.0,1295.0,1460.0,1852655.0
2020-02-23,SMFBS,0.0,1351.0,1280.0,1331.0,794.0,1045218.0
2020-02-24,SMFBS,0.0,1384.0,1280.0,1291.0,1463.0,1915823.0
2020-02-25,SMFBS,0.0,1341.0,1245.0,1341.0,772.0,1005950.0
2020-02-26,SMFBS,0.0,1326.0,1280.0,1292.0,2215.0,2881725.0
2020-02-27,SMFBS,0.0,1326.0,1227.0,1326.0,1548.0,1958614.0
2020-03-01,SMFBS,0.0,1300.0,1208.0,1208.0,260.0,325030.0
2020-03-02,SMFBS,0.0,1208.0,1135.0,1135.0,350.0,408170.0
2020-03-03,SMFBS,0.0,1132.0,1025.0,1069.0,1380.0,1514765.0
2020-03-04,SMFBS,0.0,1048.0,963.0,982.0,1320.0,1313460.0
2020-03-05,SMFBS,0.0,1060.0,963.0,1019.0,1900.0,1867340.0
2020-03-10,SMFBS,0.0,1039.0,999.0,1000.0,40.0,40570.0
2020-03-11,SMFBS,0.0,1100.0,962.0,1100.0,1120.0,1120590.0
2020-03-12,SMFBS,0.0,1120.0,990.0,990.0,4060.0,4071225.0
2020-03-15,SMFBS,0.0,990.0,891.0,913.0,3600.0,3270525.0
2020-03-16,SMFBS,0.0,937.0,895.0,936.0,755.0,685945.0
2020-03-17,SMFBS,0.0,940.0,843.0,843.0,4038.0,3455158.0
2020-03-18,SMFBS,0.0,927.0,812.0,875.0,2030.0,1747065.0
2020-03-19,SMFBS,0.0,894.0,850.0,890.0,422.0,371168.0
2020-05-12,SMFBS,0.0,873.0,873.0,873.0,10.0,8730.0
2020-06-29,SMFBS,0.0,856.0,839.0,840.0,40.0,33750.0
2020-06-30,SMFBS,0.0,850.0,850.0,850.0,200.0,170000.0
2020-07-01,SMFBS,0.0,867.0,867.0,867.0,40.0,34680.0
2020-07-02,SMFBS,0.0,937.0,884.0,937.0,40.0,36410.0
2020-07-05,SMFBS,0.0,930.0,919.0,930.0,20.0,18490.0
2020-07-06,SMFBS,0.0,912.0,894.0,898.0,200.0,181630.0
2020-07-07,SMFBS,0.0,951.0,900.0,950.0,800.0,744190.0
2020-07-08,SMFBS,0.0,931.0,913.0,930.0,270.0,249220.0
2020-07-09,SMFBS,0.0,945.0,912.0,932.0,460.0,427500.0
2020-07-12,SMFBS,0.0,970.0,925.0,970.0,700.0,663720.0
2020-07-13,SMFBS,0.0,970.0,951.0,970.0,545.0,523690.0
2020-07-14,SMFBS,0.0,1005.0,975.0,1005.0,740.0,737220.0
2020-07-15,SMFBS,0.0,1000.0,980.0,980.0,370.0,366470.0
2020-07-16,SMFBS,0.0,1000.0,961.0,967.0,625.0,607050.0
2020-07-20,SMFBS,0.0,1005.0,948.0,950.0,520.0,500820.0
2020-07-21,SMFBS,0.0,964.0,931.0,964.0,695.0,651220.0
2020-07-22,SMFBS,0.0,965.0,920.0,938.0,1464.0,1371086.0
2020-07-23,SMFBS,0.0,956.0,908.0,945.0,660.0,619560.0
2020-07-26,SMFBS,0.0,968.0,945.0,968.0,540.0,514870.0
2020-07-27,SMFBS,0.0,982.0,958.0,972.0,720.0,699980.0
2020-07-28,SMFBS,0.0,975.0,955.0,960.0,445.0,428715.0
2020-07-29,SMFBS,0.0,965.0,897.0,900.0,2153.0,1982205.0
2020-07-30,SMFBS,0.0,925.0,900.0,925.0,590.0,536860.0
2020-08-02,SMFBS,0.0,925.0,883.0,918.0,390.0,348900.0
2020-08-03,SMFBS,0.0,916.0,890.0,916.0,365.0,328575.0
2020-08-05,SMFBS,0.0,933.0,870.0,933.0,300.0,266500.0
2020-08-06,SMFBS,0.0,915.0,871.0,880.0,1320.0,1170620.0
2020-08-09,SMFBS,0.0,883.0,860.0,862.0,801.0,693725.0
2020-08-10,SMFBS,0.0,926.0,867.0,908.0,375.0,337045.0
2020-08-11,SMFBS,0.0,920.0,894.0,900.0,250.0,225390.0
2020-08-12,SMFBS,0.0,918.0,885.0,900.0,350.0,317190.0
2020-08-13,SMFBS,0.0,900.0,879.0,890.0,470.0,418950.0
2020-08-16,SMFBS,0.0,888.0,874.0,876.0,120.0,105200.0
2020-08-17,SMFBS,0.0,891.0,860.0,877.0,418.0,369510.0
2020-08-18,SMFBS,0.0,880.0,866.0,880.0,170.0,148440.0
2020-08-19,SMFBS,0.0,885.0,865.0,870.0,400.0,349135.0
2020-08-20,SMFBS,0.0,875.0,855.0,875.0,50.0,43200.0
2020-08-23,SMFBS,0.0,891.0,875.0,891.0,90.0,79630.0
2020-08-24,SMFBS,0.0,922.0,904.0,920.0,490.0,448630.0
2020-08-25,SMFBS,0.0,938.0,912.0,935.0,410.0,380780.0
2020-08-26,SMFBS,0.0,1003.0,937.0,985.0,2678.0,2573934.0
2020-08-27,SMFBS,0.0,1004.0,963.0,966.0,1042.0,1012051.0
2020-08-30,SMFBS,0.0,980.0,947.0,955.0,345.0,331990.0
2020-08-31,SMFBS,0.0,994.0,955.0,980.0,499.0,488000.0
2020-09-02,SMFBS,0.0,1004.0,966.0,1002.0,455.0,452790.0
2020-09-03,SMFBS,0.0,1000.0,971.0,1000.0,1391.0,1367226.0
2020-09-06,SMFBS,0.0,1019.0,969.0,988.0,590.0,575900.0
2020-09-07,SMFBS,0.0,980.0,963.0,974.0,870.0,842330.0
2020-09-08,SMFBS,0.0,1011.0,955.0,986.0,890.0,875500.0
2020-09-09,SMFBS,0.0,1029.0,986.0,1029.0,1518.0,1530310.0
2020-09-10,SMFBS,0.0,1056.0,1013.0,1044.0,1355.0,1414680.0
2020-09-13,SMFBS,0.0,1055.0,1025.0,1042.0,730.0,754585.0
2020-09-14,SMFBS,0.0,1045.0,982.0,1006.0,1725.0,1755730.0
2020-09-15,SMFBS,0.0,1000.0,987.0,1000.0,360.0,358020.0
2020-09-16,SMFBS,0.0,1020.0,970.0,1000.0,350.0,347010.0
2020-09-17,SMFBS,0.0,1055.0,992.0,1025.0,1695.0,1712585.0
2020-09-20,SMFBS,0.0,1009.0,980.0,990.0,920.0,910290.0
2020-09-21,SMFBS,0.0,995.0,966.0,993.0,934.0,914922.0
2020-09-22,SMFBS,0.0,990.0,977.0,978.0,423.0,415625.0
2020-09-23,SMFBS,0.0,990.0,963.0,971.0,550.0,537990.0
2020-09-24,SMFBS,0.0,987.0,966.0,970.0,1160.0,1134270.0
2020-09-27,SMFBS,0.0,984.0,952.0,984.0,820.0,788470.0
2020-09-28,SMFBS,0.0,975.0,955.0,956.0,1262.0,1213104.0
2020-09-29,SMFBS,0.0,969.0,941.0,951.0,560.0,536390.0
2020-09-30,SMFBS,0.0,969.0,940.0,951.0,1481.0,1416400.0
2020-10-01,SMFBS,0.0,960.0,946.0,956.0,190.0,181320.0
2020-10-04,SMFBS,0.0,974.0,952.0,960.0,418.0,403720.0
2020-10-05,SMFBS,0.0,975.0,950.0,974.0,650.0,625830.0
2020-10-06,SMFBS,0.0,1000.0,961.0,979.0,1119.0,1090177.0
2020-10-07,SMFBS,0.0,983.0,947.0,983.0,888.0,854868.0
2020-10-08,SMFBS,0.0,1001.0,955.0,970.0,1520.0,1475450.0
2020-10-11,SMFBS,0.0,970.0,952.0,960.0,1521.0,1459066.0
2020-10-12,SMFBS,0.0,960.0,946.0,956.0,464.0,443233.0
2020-10-13,SMFBS,0.0,970.0,949.0,953.0,1411.0,1357636.0
2020-10-14,SMFBS,0.0,970.0,950.0,955.0,626.0,598104.0
2020-10-15,SMFBS,0.0,985.0,948.0,956.0,338.0,322512.0
2020-10-18,SMFBS,0.0,956.0,940.0,946.0,248.0,234312.0
2020-10-19,SMFBS,0.0,955.0,940.0,940.0,486.0,459949.0
2020-10-20,SMFBS,0.0,967.0,950.0,950.0,2002.0,1906316.0
2020-10-21,SMFBS,0.0,965.0,960.0,963.0,1116.0,1075278.0
2020-10-22,SMFBS,0.0,965.0,944.0,953.0,1314.0,1246477.0
2020-10-28,SMFBS,0.0,965.0,950.0,965.0,437.0,415392.0
2020-10-29,SMFBS,0.0,980.0,956.0,979.0,477.0,463078.0
2020-11-01,SMFBS,0.0,1032.0,972.0,1000.0,1433.0,1430809.0
2020-11-02,SMFBS,0.0,1045.0,1008.0,1035.0,2778.0,2856082.0
2020-11-03,SMFBS,0.0,1060.0,1019.0,1042.0,3075.0,3200140.0
2020-11-04,SMFBS,0.0,1054.0,1017.0,1054.0,1839.0,1908184.0
2020-11-05,SMFBS,0.0,1049.0,1025.0,1049.0,415.0,430269.0
2020-11-08,SMFBS,0.0,1050.0,1020.0,1032.0,1852.0,1901192.0
2020-11-09,SMFBS,0.0,1055.0,1035.0,1038.0,1834.0,1913423.0
2020-11-10,SMFBS,0.0,1058.0,1040.0,1043.0,587.0,614319.0
2020-11-11,SMFBS,0.0,1050.0,1024.0,1032.0,1123.0,1163943.0
2020-11-12,SMFBS,0.0,1052.0,1025.0,1028.0,622.0,644130.0
2020-11-18,SMFBS,0.0,1030.0,990.0,1025.0,299.0,303766.0
2020-11-19,SMFBS,0.0,1127.0,1000.0,1083.0,641.0,671964.0
2020-11-22,SMFBS,0.0,1111.0,1011.0,1040.0,1337.0,1440232.0
2020-11-23,SMFBS,0.0,1040.0,1025.0,1030.0,308.0,317146.0
2020-11-24,SMFBS,0.0,1115.0,1012.0,1058.0,2446.0,2654735.0
2020-11-25,SMFBS,0.0,1122.0,1058.0,1101.0,1447.0,1569958.0
2020-11-26,SMFBS,0.0,1134.0,1072.0,1090.0,888.0,983234.0
2020-11-29,SMFBS,0.0,1120.0,1065.0,1090.0,1141.0,1248612.0
2020-11-30,SMFBS,0.0,1116.0,1072.0,1092.0,2190.0,2417377.0
2020-12-01,SMFBS,0.0,1133.0,1066.0,1089.0,3664.0,3945556.0
2020-12-02,SMFBS,0.0,1195.0,1080.0,1160.0,2535.0,2904778.0
2020-12-03,SMFBS,0.0,1206.0,1165.0,1165.0,3345.0,3961138.0
2020-12-06,SMFBS,0.0,1200.0,1100.0,1100.0,1242.0,1441895.0
2020-12-07,SMFBS,0.0,1176.0,1086.0,1175.0,1701.0,1937885.0
2020-12-08,SMFBS,0.0,1221.0,1122.0,1144.0,2611.0,3100496.0
2020-12-09,SMFBS,0.0,1135.0,1112.0,1125.0,543.0,609199.0
2020-12-10,SMFBS,0.0,1169.0,1127.0,1147.0,1648.0,1894154.0
2020-12-13,SMFBS,0.0,1160.0,1130.0,1153.0,2785.0,3192822.0
2020-12-14,SMFBS,0.0,1268.0,1170.0,1268.0,5764.0,7087680.0
2020-12-15,SMFBS,0.0,1352.0,1256.0,1332.0,3895.0,5019892.0
2020-12-16,SMFBS,0.0,1410.0,1340.0,1390.0,2947.0,4105369.0
2020-12-17,SMFBS,0.0,1499.0,1341.0,1414.0,2939.0,4101644.0
2020-12-20,SMFBS,0.0,1386.0,1280.0,1344.0,937.0,1220343.0
2020-12-21,SMFBS,0.0,1318.0,1218.0,1295.0,2417.0,3078887.0
2020-12-22,SMFBS,0.0,1420.0,1295.0,1359.0,2297.0,3065041.0
2020-12-23,SMFBS,0.0,1332.0,1291.0,1305.0,1099.0,1435665.0
2020-12-24,SMFBS,0.0,1357.0,1255.0,1299.0,1606.0,2051412.0
2020-12-27,SMFBS,0.0,1283.0,1258.0,1283.0,610.0,773217.0
2020-12-28,SMFBS,0.0,1308.0,1260.0,1275.0,734.0,931087.0
2020-12-29,SMFBS,0.0,1300.0,1240.0,1297.0,702.0,895944.0
2020-12-30,SMFBS,0.0,1320.0,1294.0,1296.0,1427.0,1852810.0
2020-12-31,SMFBS,0.0,1324.0,1275.0,1301.0,1471.0,1934065.0
2021-01-03,SMFBS,0.0,1360.0,1290.0,1336.0,1221.0,1631575.0
2021-01-04,SMFBS,0.0,1350.0,1302.0,1337.0,956.0,1260080.0
2021-01-05,SMFBS,0.0,1337.0,1312.0,1335.0,1516.0,2002496.0
2021-01-06,SMFBS,0.0,1468.0,1350.0,1468.0,4612.0,6728421.0
2021-01-07,SMFBS,0.0,1610.0,1496.0,1525.0,3407.0,5184761.0
2021-01-10,SMFBS,0.0,1575.0,1496.0,1501.0,2267.0,3411011.0
2021-01-11,SMFBS,0.0,1525.0,1481.0,1495.0,726.0,1083081.0
2021-01-12,SMFBS,0.0,1499.0,1468.0,1499.0,1332.0,1985382.0
2021-01-13,SMFBS,0.0,1618.0,1470.0,1584.0,4601.0,7162300.0
2021-01-17,SMFBS,0.0,1631.0,1578.0,1606.0,2418.0,3886592.0
2021-01-18,SMFBS,0.0,1766.0,1686.0,1766.0,7623.0,13389382.0
2021-01-19,SMFBS,0.0,1855.0,1765.0,1775.0,11430.0,20507029.0
2021-01-20,SMFBS,0.0,1810.0,1766.0,1784.0,1250.0,2227645.0
2021-01-21,SMFBS,0.0,1962.0,1790.0,1962.0,3517.0,6663574.0
2021-01-24,SMFBS,0.0,2120.0,2000.0,2090.0,3622.0,7518586.0
2021-01-25,SMFBS,0.0,2090.0,2011.0,2089.0,5253.0,10736627.0
2021-01-26,SMFBS,0.0,2150.0,2050.0,2073.0,5747.0,12097788.0
2021-01-27,SMFBS,0.0,2150.0,1960.0,2145.0,4925.0,10316175.0
2021-01-28,SMFBS,0.0,2240.0,2104.0,2224.0,4169.0,9096744.0
2021-01-31,SMFBS,0.0,2250.0,2131.0,2145.0,4917.0,10723697.0
2021-02-01,SMFBS,0.0,2205.0,2160.0,2176.0,2085.0,4568310.0
2021-02-02,SMFBS,0.0,2332.0,2180.0,2320.0,3788.0,8572156.0
2021-02-03,SMFBS,0.0,2552.0,2436.0,2552.0,6999.0,17806992.0
2021-02-04,SMFBS,0.0,2807.0,2679.0,2800.0,7209.0,19988391.0
2021-02-07,SMFBS,0.0,3080.0,2877.0,3055.0,6733.0,20498719.0
2021-02-08,SMFBS,0.0,3110.0,2838.0,2888.0,8629.0,25171388.0
2021-02-09,SMFBS,0.0,2832.0,2672.0,2770.0,6238.0,17207362.0
2021-02-10,SMFBS,0.0,2820.0,2763.0,2788.0,3965.0,11062292.0
2021-02-11,SMFBS,0.0,2927.0,2770.0,2799.0,10314.0,29124135.0
2021-02-14,SMFBS,0.0,2333.0,2100.0,2120.0,3274.0,7026058.0
2021-02-15,SMFBS,0.0,2332.0,2162.0,2332.0,2780.0,6411484.0
2021-02-16,SMFBS,0.0,2378.0,2214.0,2214.0,3956.0,9097063.0
2021-02-17,SMFBS,0.0,2214.0,2128.0,2151.0,2357.0,5132109.0
2021-02-18,SMFBS,0.0,2194.0,2160.0,2170.0,1351.0,2927067.0
2021-02-21,SMFBS,0.0,2208.0,2087.0,2126.0,1397.0,3006934.0
2021-02-22,SMFBS,0.0,2120.0,2040.0,2052.0,1473.0,3033836.0
2021-02-23,SMFBS,0.0,2019.0,1930.0,2019.0,2568.0,5085879.0
2021-02-24,SMFBS,0.0,2095.0,2019.0,2020.0,1062.0,2173487.0
2021-02-25,SMFBS,0.0,2060.0,2017.0,2017.0,1552.0,3157110.0
2021-02-28,SMFBS,0.0,1990.0,1936.0,1936.0,1236.0,2420299.0
2021-03-01,SMFBS,0.0,1974.0,1898.0,1961.0,2584.0,5002239.0
2021-03-02,SMFBS,0.0,1970.0,1853.0,1853.0,1350.0,2608390.0
2021-03-03,SMFBS,0.0,1850.0,1800.0,1839.0,2025.0,3694004.0
2021-03-04,SMFBS,0.0,2000.0,1850.0,1970.0,951.0,1865504.0
2021-03-07,SMFBS,0.0,1999.0,1911.0,1912.0,1189.0,2302701.0
2021-03-09,SMFBS,0.0,1903.0,1865.0,1865.0,655.0,1230097.0
2021-03-10,SMFBS,0.0,1870.0,1830.0,1850.0,936.0,1733457.0
2021-03-14,SMFBS,0.0,1886.0,1821.0,1825.0,1621.0,2973854.0
2021-03-15,SMFBS,0.0,1836.0,1800.0,1830.0,695.0,1262856.0
2021-03-16,SMFBS,0.0,1865.0,1830.0,1850.0,820.0,1512196.0
2021-03-17,SMFBS,0.0,1930.0,1827.0,1927.0,986.0,1880987.0
2021-03-18,SMFBS,0.0,1979.0,1945.0,1958.0,651.0,1275576.0
2021-03-21,SMFBS,0.0,2153.0,1997.0,2153.0,2697.0,5679381.0
2021-03-22,SMFBS,0.0,2200.0,2099.0,2140.0,1150.0,2463854.0
2021-03-23,SMFBS,0.0,2193.0,2060.0,2193.0,1526.0,3278887.0
2021-03-24,SMFBS,0.0,2280.0,2153.0,2250.0,3757.0,8310483.0
2021-03-25,SMFBS,0.0,2295.0,2217.0,2220.0,2639.0,5953804.0
2021-03-29,SMFBS,0.0,2295.0,2220.0,2270.0,1558.0,3527401.0
2021-03-30,SMFBS,0.0,2497.0,2275.0,2485.0,6830.0,16568380.0
2021-03-31,SMFBS,0.0,2700.0,2600.0,2644.0,3696.0,9764025.0
2021-04-01,SMFBS,0.0,2733.0,2635.0,2718.0,5862.0,15598902.0
2021-04-04,SMFBS,0.0,2850.0,2597.0,2618.0,3729.0,9752359.0
2021-04-05,SMFBS,0.0,2649.0,2525.0,2536.0,2470.0,6289803.0
2021-04-06,SMFBS,0.0,2555.0,2510.0,2555.0,1100.0,2775496.0
2021-04-07,SMFBS,0.0,2600.0,2550.0,2590.0,1151.0,2971719.0
2021-04-08,SMFBS,0.0,2641.0,2589.0,2600.0,3295.0,8578718.0
2021-04-12,SMFBS,0.0,2700.0,2602.0,2647.0,1355.0,3596435.0
2021-04-13,SMFBS,0.0,2660.0,2585.0,2602.0,2803.0,7334924.0
2021-04-15,SMFBS,0.0,2619.0,2512.0,2512.0,1396.0,3587166.0
2021-04-18,SMFBS,0.0,2621.0,2520.0,2555.0,2034.0,5211746.0
2021-04-19,SMFBS,0.0,2550.0,2520.0,2530.0,865.0,2189434.0
2021-04-20,SMFBS,0.0,2584.0,2502.0,2570.0,2329.0,5930333.0
2021-04-21,SMFBS,0.0,2577.0,2500.0,2503.0,2085.0,5263455.0
2021-04-22,SMFBS,0.0,2550.0,2475.0,2549.0,1627.0,4085294.0
2021-04-25,SMFBS,0.0,2505.0,2476.0,2503.0,1816.0,4522688.0
2021-04-26,SMFBS,0.0,2540.0,2406.0,2440.0,1799.0,4441135.0
2021-04-27,SMFBS,0.0,2565.0,2461.0,2530.0,2997.0,7530298.0
2021-04-28,SMFBS,0.0,2575.0,2438.0,2485.0,1328.0,3290090.0
2021-04-29,SMFBS,0.0,2549.0,2485.0,2534.0,499.0,1259391.0
2021-05-02,SMFBS,0.0,2584.0,2532.0,2575.0,1423.0,3642217.0
2021-05-03,SMFBS,0.0,2620.0,2560.0,2618.0,4173.0,10825586.0
2021-05-04,SMFBS,0.0,2723.0,2600.0,2680.0,2719.0,7238598.0
2021-05-05,SMFBS,0.0,2733.0,2595.0,2630.0,1342.0,3532917.0
2021-05-06,SMFBS,0.0,2630.0,2565.0,2575.0,852.0,2204065.0
2021-05-09,SMFBS,0.0,2575.0,2524.0,2543.0,542.0,1373270.0
2021-05-10,SMFBS,0.0,2529.0,2477.0,2515.0,2148.0,5381938.0
2021-05-11,SMFBS,0.0,2574.0,2526.0,2570.0,1626.0,4159827.0
2021-05-12,SMFBS,0.0,2582.0,2522.0,2554.0,1228.0,3139908.0
2021-05-13,SMFBS,0.0,2599.0,2540.0,2540.0,957.0,2439384.0
2021-05-16,SMFBS,0.0,2720.0,2511.0,2580.0,4143.0,10799593.0
2021-05-17,SMFBS,0.0,2660.0,2562.0,2584.0,1021.0,2668176.0
2021-05-18,SMFBS,0.0,2670.0,2579.0,2600.0,3475.0,9076000.0
2021-05-19,SMFBS,0.0,2652.0,2555.0,2560.0,3767.0,9763689.0
2021-05-20,SMFBS,0.0,2649.0,2550.0,2600.0,4033.0,10442988.0
2021-05-23,SMFBS,0.0,2600.0,2550.0,2585.0,1044.0,2697050.0
2021-05-24,SMFBS,0.0,2600.0,2567.0,2576.0,1504.0,3876402.0
2021-05-25,SMFBS,0.0,2570.0,2528.0,2535.0,1878.0,4785337.0
2021-05-27,SMFBS,0.0,2530.0,2415.0,2477.0,5175.0,12740035.0
2021-05-30,SMFBS,0.0,2500.0,2440.0,2445.0,2906.0,7122545.0
2021-05-31,SMFBS,0.0,2500.0,2445.0,2465.0,5012.0,12402263.0
2021-06-01,SMFBS,0.0,2514.0,2452.0,2480.0,1125.0,2794707.0
2021-06-02,SMFBS,0.0,2514.0,2452.0,2515.0,1542.0,3927287.0
2021-06-03,SMFBS,0.0,2663.0,2558.0,2567.0,3226.0,8397613.0
2021-06-06,SMFBS,2600.0,2650.0,2550.0,2551.0,1399.0,3589024.0
2021-06-07,SMFBS,2599.0,2600.0,2511.0,2516.0,1192.0,3026992.0
2021-06-08,SMFBS,2550.0,2552.0,2507.0,2512.0,1601.0,4031588.0
2021-06-09,SMFBS,2506.0,2530.0,2456.0,2492.0,971.0,2419696.0
2021-06-10,SMFBS,2492.0,2539.0,2431.0,2500.0,2911.0,7223580.0
2021-06-13,SMFBS,2545.0,2545.0,2450.0,2451.0,1280.0,3177437.0
2021-06-14,SMFBS,2475.0,2480.0,2454.0,2460.0,503.0,1238833.0
2021-06-15,SMFBS,2460.0,2485.0,2440.0,2485.0,1319.0,3236263.0
2021-06-16,SMFBS,2460.0,2635.0,2420.0,2545.0,1577.0,3958299.0
2021-06-17,SMFBS,2501.0,2510.0,2497.0,2497.0,382.0,955994.0
2021-06-20,SMFBS,2497.0,2497.0,2425.0,2432.0,846.0,2067012.0
2021-06-21,SMFBS,2425.0,2450.0,2378.0,2384.0,1515.0,3634260.0
2021-06-22,SMFBS,2400.0,2477.0,2386.0,2470.0,583.0,1415997.0
2021-06-23,SMFBS,2470.0,2519.0,2401.0,2402.0,634.0,1563377.0
2021-06-24,SMFBS,2356.0,2420.0,2356.0,2410.0,561.0,1347532.0
2021-06-27,SMFBS,2400.0,2458.0,2400.0,2402.0,1525.0,3687026.0
2021-06-28,SMFBS,2402.0,2465.0,2400.0,2450.0,2849.0,6921912.0
2021-06-29,SMFBS,2499.0,2598.0,2427.0,2480.0,1119.0,2814995.0
2021-06-30,SMFBS,2529.0,2529.0,2411.0,2480.0,581.0,1414532.0
2021-07-01,SMFBS,2480.0,2498.0,2455.0,2465.0,353.0,871869.0
2021-07-04,SMFBS,2465.0,2484.0,2418.0,2440.0,383.0,934219.0
2021-07-05,SMFBS,2392.0,2435.0,2392.0,2412.0,454.0,1100850.0
2021-07-06,SMFBS,2365.0,2435.0,2365.0,2435.0,310.0,748368.0
2021-07-07,SMFBS,2410.0,2418.0,2371.0,2385.0,1189.0,2849227.0
2021-07-08,SMFBS,2425.0,2439.0,2410.0,2430.0,821.0,1992456.0
2021-07-11,SMFBS,2460.0,2559.0,2420.0,2500.0,1163.0,2870410.0
2021-07-12,SMFBS,2500.0,2537.0,2450.0,2451.0,627.0,1565106.0
2021-07-13,SMFBS,2490.0,2500.0,2460.0,2470.0,463.0,1146940.0
2021-07-14,SMFBS,2460.0,2510.0,2450.0,2507.0,1582.0,3955232.0
2021-07-15,SMFBS,2500.0,2524.0,2485.0,2508.0,2552.0,6384818.0
2021-07-18,SMFBS,2545.0,2585.0,2530.0,2578.5,1069.0,2743109.0
2021-07-19,SMFBS,2630.0,2630.0,2580.0,2585.0,759.0,1965163.0
2021-07-20,SMFBS,2535.0,2584.0,2534.0,2550.0,332.0,846940.2
2021-07-22,SMFBS,2500.0,2550.0,2500.0,2540.0,710.0,1796965.0
2021-07-25,SMFBS,2550.0,2700.0,2510.0,2700.0,4193.0,11005731.3
2021-07-26,SMFBS,2754.0,2815.0,2754.0,2780.0,3856.0,10740010.9
2021-07-27,SMFBS,2724.4,2724.4,2600.0,2670.0,4507.0,11890454.6
2021-07-28,SMFBS,2670.0,2680.0,2607.0,2658.0,853.0,2260077.4
2021-07-29,SMFBS,2710.0,2710.0,2553.0,2576.0,1459.0,3820093.1
2021-08-01,SMFBS,2578.0,2682.0,2575.0,2650.0,2121.0,5544121.8
2021-08-02,SMFBS,2630.0,2703.0,2620.0,2703.0,1933.0,5131505.2
2021-08-03,SMFBS,2757.0,2839.0,2720.0,2769.0,4793.0,13244425.7
2021-08-04,SMFBS,2824.3,2865.0,2666.0,2714.0,2937.0,8053392.5
2021-08-05,SMFBS,2768.2,2770.0,2645.0,2646.0,4222.0,11394065.5
2021-08-08,SMFBS,2689.0,2689.0,2607.0,2648.0,1329.0,3492289.0
2021-08-09,SMFBS,2600.0,2652.0,2600.0,2600.0,896.0,2337361.0
2021-08-10,SMFBS,2600.0,2699.0,2600.0,2604.0,1916.0,5053745.4
2021-08-11,SMFBS,2604.0,2656.0,2590.0,2645.0,949.0,2475779.3
2021-08-12,SMFBS,2645.0,2645.0,2550.0,2572.5,1544.0,4016976.0
2021-08-15,SMFBS,2621.9,2690.0,2600.0,2670.0,2197.0,5808869.4
2021-08-16,SMFBS,2670.0,2720.0,2620.0,2620.0,1847.0,4942849.0
2021-08-17,SMFBS,2620.0,2645.0,2600.0,2605.0,591.0,1539730.0
2021-08-18,SMFBS,2600.0,2635.0,2600.0,2634.0,1375.0,3610204.0
2021-08-19,SMFBS,2669.0,2669.9,2619.0,2635.0,2658.0,6987948.4
2021-08-24,SMFBS,2655.0,2660.0,2610.0,2620.0,905.0,2384946.6
2021-08-25,SMFBS,2630.0,2650.0,2611.0,2613.0,2363.0,6191907.5
2021-08-26,SMFBS,2665.2,2718.5,2580.0,2611.0,980.0,2563118.0
2021-08-29,SMFBS,2611.0,2635.0,2560.0,2562.0,1974.0,5099710.7
2021-08-31,SMFBS,2512.0,2512.0,2452.0,2487.0,1275.0,3169498.0
2021-09-01,SMFBS,2500.0,2525.0,2500.0,2525.0,432.0,1086296.0
2021-09-02,SMFBS,2520.0,2540.0,2475.0,2540.0,1254.0,3136466.1
2021-09-05,SMFBS,2490.0,2490.0,2394.0,2480.0,902.0,2189807.8
2021-09-06,SMFBS,2440.0,2580.0,2433.0,2579.0,946.0,2388131.0
2021-09-07,SMFBS,2579.0,2579.0,2527.5,2527.5,145.0,369956.0
2021-09-08,SMFBS,2560.0,2560.0,2460.0,2471.0,547.0,1378206.0
2021-09-09,SMFBS,2520.4,2550.0,2451.0,2530.0,875.0,2188119.0
2021-09-12,SMFBS,2482.0,2535.0,2482.0,2535.0,592.0,1486297.0
2021-09-13,SMFBS,2580.0,2599.0,2454.0,2545.0,1634.0,4073017.0
2021-09-14,SMFBS,2495.0,2535.0,2450.0,2527.0,486.0,1207368.6
2021-09-15,SMFBS,2481.0,2482.1,2477.0,2477.0,304.0,753756.2
2021-09-16,SMFBS,2499.0,2499.0,2360.0,2435.0,1300.0,3109846.6
2021-09-20,SMFBS,2387.0,2395.0,2331.0,2350.0,635.0,1498080.0
2021-09-21,SMFBS,2350.0,2369.0,2270.0,2361.0,1809.0,4201512.0
2021-09-22,SMFBS,2361.0,2545.0,2350.0,2545.0,1636.0,3899686.1
2021-09-23,SMFBS,2494.1,2494.1,2430.1,2465.0,669.0,1644533.4
2021-09-26,SMFBS,2465.0,2465.0,2352.0,2435.0,1351.0,3220153.8
2021-09-27,SMFBS,2435.0,2435.0,2291.0,2310.0,877.0,2026028.1
2021-09-28,SMFBS,2310.0,2325.0,2200.0,2325.0,1170.0,2622569.2
2021-09-29,SMFBS,2371.0,2371.0,2280.0,2339.0,206.0,475704.6
2021-09-30,SMFBS,2340.0,2461.0,2274.1,2340.0,621.0,1438292.8
2021-10-03,SMFBS,2386.0,2481.6,2256.2,2481.6,1023.0,2353612.2
2021-10-04,SMFBS,2531.0,2641.0,2499.0,2602.0,9511.0,24523971.7
2021-10-05,SMFBS,2653.0,2760.0,2653.0,2735.0,3226.0,8735038.2
2021-10-06,SMFBS,2780.0,2800.0,2735.0,2800.0,4132.0,11506486.8
2021-10-10,SMFBS,2820.0,2825.0,2685.2,2700.0,3844.0,10596034.7
2021-10-11,SMFBS,2650.0,2686.0,2597.0,2685.0,1370.0,3633534.4
2021-10-17,SMFBS,2685.0,2743.0,2662.0,2715.0,776.0,2100726.0
2021-10-18,SMFBS,2715.0,2715.0,2600.0,2615.0,1504.0,3953022.0
2021-10-19,SMFBS,2563.0,2608.0,2475.0,2608.0,1071.0,2678566.5
2021-10-20,SMFBS,2660.0,2815.0,2623.0,2660.0,760.0,2041097.2
2021-10-21,SMFBS,2660.0,2660.0,2640.0,2650.0,964.0,2554460.0
2021-10-24,SMFBS,2650.0,2680.0,2595.0,2650.0,954.0,2506230.0
2021-10-25,SMFBS,2700.0,2700.0,2660.0,2670.0,858.0,2296861.8
2021-10-26,SMFBS,2705.0,2718.0,2675.0,2688.0,1302.0,3505347.0
2021-10-27,SMFBS,2685.9,2720.0,2674.0,2701.0,2434.0,6583033.0
2021-10-28,SMFBS,2705.0,2720.0,2661.0,2704.0,2657.0,7169372.0
2021-10-31,SMFBS,2700.0,2800.0,2700.0,2800.0,1264.0,3473877.0
2021-11-01,SMFBS,2848.0,2848.0,2689.2,2742.9,1621.0,4468874.8
2021-11-02,SMFBS,2742.0,2743.0,2688.1,2700.0,1149.0,3107275.1
2021-11-03,SMFBS,2754.0,2754.0,2690.0,2700.0,384.0,1036999.8
2021-11-08,SMFBS,2725.0,2779.5,2700.0,2720.0,503.0,1375314.0
2021-11-09,SMFBS,2675.0,2680.0,2613.0,2660.0,853.0,2252465.4
2021-11-11,SMFBS,2607.0,2659.1,2557.0,2648.0,279.0,732381.2
2021-11-14,SMFBS,2655.0,2679.9,2640.0,2640.0,258.0,683286.4
2021-11-15,SMFBS,2640.0,2686.0,2640.0,2686.0,126.0,335442.0
2021-11-16,SMFBS,2686.0,2695.0,2661.0,2663.0,299.0,800047.5
2021-11-17,SMFBS,2663.0,2700.0,2655.0,2697.0,529.0,1421093.0
2021-11-18,SMFBS,2647.0,2679.9,2647.0,2679.9,160.0,425170.0
2021-11-21,SMFBS,2650.0,2670.0,2650.0,2651.0,397.0,1054202.6
2021-11-22,SMFBS,2651.0,2695.0,2651.0,2679.0,499.0,1327245.0
2021-11-23,SMFBS,2632.0,2670.0,2565.0,2666.0,530.0,1380595.4
2021-11-24,SMFBS,2615.0,2651.0,2613.0,2614.0,445.0,1166538.0
2021-11-25,SMFBS,2580.0,2600.0,2580.0,2600.0,593.0,1541280.0
2021-11-28,SMFBS,2548.1,2598.0,2500.0,2510.0,1125.0,2864924.0
2021-11-29,SMFBS,2520.0,2716.6,2508.0,2600.0,1248.0,3153597.0
2021-11-30,SMFBS,2629.0,2629.0,2554.0,2554.0,370.0,950908.0
2021-12-01,SMFBS,2605.0,2655.0,2605.0,2610.0,771.0,2025154.4
2021-12-02,SMFBS,2561.0,2660.0,2555.0,2555.0,1454.0,3764638.4
2021-12-05,SMFBS,2512.0,2548.0,2470.0,2547.0,2069.0,5189949.5
2021-12-06,SMFBS,2500.0,2610.0,2440.0,2610.0,938.0,2415978.5
2021-12-07,SMFBS,2612.0,2660.0,2555.4,2619.0,828.0,2162115.0
2021-12-08,SMFBS,2619.0,2620.0,2495.0,2540.0,2681.0,6839353.7
2021-12-09,SMFBS,1882.0,1882.0,1809.0,1845.0,775.0,1415987.9
2021-12-12,SMFBS,1809.0,1881.9,1670.0,1881.9,1535.0,2635442.0
2021-12-13,SMFBS,1845.0,1845.0,1693.9,1693.9,1494.0,2556219.9
2021-12-14,SMFBS,1695.0,1795.2,1670.0,1795.2,275.0,471921.8
2021-12-15,SMFBS,1831.1,1876.8,1737.0,1737.0,371.0,678902.6
2021-12-16,SMFBS,1750.0,1830.0,1740.0,1830.0,633.0,1112344.0
2021-12-20,SMFBS,1800.0,1800.0,1729.0,1750.0,131.0,230191.0
2021-12-21,SMFBS,1750.0,1782.0,1750.0,1755.0,1003.0,1780541.0
2021-12-22,SMFBS,1730.0,1930.0,1730.0,1930.0,640.0,1151454.0
2021-12-23,SMFBS,1895.0,1915.0,1853.6,1915.0,825.0,1540928.8
2021-12-26,SMFBS,1915.0,1925.0,1887.0,1900.0,199.0,379491.0
2021-12-27,SMFBS,1920.0,1920.0,1819.1,1819.1,536.0,999657.6
2021-12-28,SMFBS,1783.0,1851.3,1780.0,1851.3,110.0,198415.0
2021-12-29,SMFBS,1815.0,1852.1,1815.0,1851.3,828.0,1532523.8
2022-01-02,SMFBS,1888.0,1888.2,1813.0,1852.0,394.0,732110.0
2022-01-03,SMFBS,1852.0,1920.0,1846.0,1920.0,885.0,1680104.0
2022-01-04,SMFBS,1920.0,2100.0,1920.0,2000.0,1181.0,2337226.5
2022-01-05,SMFBS,1961.0,1961.0,1933.0,1936.0,249.0,483382.0
2022-01-06,SMFBS,1897.4,1970.0,1897.3,1970.0,178.0,343745.0
2022-01-09,SMFBS,2000.0,2000.0,1970.0,1978.0,184.0,363610.0
2022-01-10,SMFBS,1961.0,1999.0,1950.0,1980.0,620.0,1227248.6
2022-01-11,SMFBS,1999.1,2057.9,1990.0,2015.0,1491.0,3007265.0
2022-01-12,SMFBS,2015.0,2015.0,1980.0,1990.0,230.0,460039.4
2022-01-13,SMFBS,2000.0,2028.0,1995.0,2028.0,353.0,708428.0
2022-01-16,SMFBS,2028.0,2100.0,2050.0,2050.0,2310.0,4798606.0
2022-01-17,SMFBS,2060.0,2080.0,2050.0,2060.0,259.0,533910.0
2022-01-18,SMFBS,2030.0,2060.0,2020.0,2040.0,896.0,1822586.9
2022-01-19,SMFBS,2003.0,2043.0,1980.0,1980.0,253.0,506076.6
2022-01-20,SMFBS,1941.0,2111.0,1941.0,2100.0,859.0,1718631.0
2022-01-23,SMFBS,2105.0,2125.0,2065.0,2100.0,367.0,770129.0
2022-01-24,SMFBS,2058.0,2060.0,1939.2,1982.0,1045.0,2063833.6
2022-01-25,SMFBS,1960.0,2014.5,1960.0,2000.0,362.0,719967.0
2022-01-26,SMFBS,1960.0,1998.0,1921.0,1998.0,186.0,360422.0
2022-01-27,SMFBS,1998.0,1998.0,1960.0,1961.0,224.0,439607.2
2022-01-30,SMFBS,2000.2,2040.2,1921.8,1965.0,781.0,1524400.7
2022-01-31,SMFBS,1966.1,1966.1,1920.8,1955.0,1504.0,2897207.9
2022-02-01,SMFBS,1955.0,1994.0,1930.1,1994.0,979.0,1934510.2
2022-02-03,SMFBS,1994.0,1994.0,1925.0,1950.0,958.0,1871954.2
2022-02-06,SMFBS,1919.0,1920.0,1885.0,1895.0,894.0,1701220.0
2022-02-07,SMFBS,1900.0,1932.0,1900.0,1932.0,52.0,99140.0
2022-02-08,SMFBS,1970.6,2010.0,1881.0,1965.0,343.0,662943.8
2022-02-09,SMFBS,1925.7,1930.0,1915.0,1915.0,279.0,535903.0
2022-02-10,SMFBS,1877.1,1950.0,1877.0,1925.0,247.0,470623.0
2022-02-13,SMFBS,1887.0,1925.0,1850.0,1925.0,439.0,819434.0
2022-02-14,SMFBS,1900.0,1900.0,1900.0,1900.0,14.0,26600.0
2022-02-15,SMFBS,1863.1,1900.0,1863.1,1876.0,144.0,270714.0
2022-02-16,SMFBS,1860.0,1951.3,1860.0,1915.0,176.0,336517.0
2022-02-17,SMFBS,1953.3,1992.3,1881.1,1881.1,122.0,233825.0
2022-02-20,SMFBS,1843.5,1915.0,1843.5,1910.0,384.0,716611.5
2022-02-21,SMFBS,1945.0,1948.0,1900.0,1939.0,492.0,949019.4
2022-02-22,SMFBS,1945.0,1945.0,1868.9,1934.9,258.0,494302.4
2022-02-23,SMFBS,1973.0,1973.0,1923.8,1923.8,159.0,307298.4
2022-02-24,SMFBS,1885.4,1885.4,1848.1,1875.0,482.0,896091.0
2022-02-27,SMFBS,1912.0,1947.0,1870.9,1871.0,267.0,504153.7
2022-02-28,SMFBS,1850.1,1860.0,1845.0,1860.0,150.0,277440.4
2022-03-02,SMFBS,1822.8,1880.0,1755.0,1880.0,1278.0,2258135.0
2022-03-06,SMFBS,1917.0,1917.0,1860.0,1899.9,286.0,536691.6
2022-03-07,SMFBS,1899.9,1899.9,1863.0,1863.0,131.0,244250.0
2022-03-09,SMFBS,1835.0,1850.0,1800.0,1800.0,244.0,445951.0
2022-03-10,SMFBS,1765.1,1872.0,1765.1,1872.0,379.0,694870.0
2022-03-13,SMFBS,1909.0,1940.0,1890.0,1900.0,88.0,167949.0
2022-03-15,SMFBS,1865.0,1875.0,1865.0,1875.0,20.0,37400.0
2022-03-16,SMFBS,1837.5,1884.0,1801.0,1884.0,70.0,129289.0
2022-03-20,SMFBS,1847.1,1876.0,1847.1,1855.0,76.0,141018.4
2022-03-21,SMFBS,1818.0,1880.0,1818.0,1880.0,156.0,287880.2
2022-03-22,SMFBS,1890.0,1890.0,1860.0,1880.0,85.0,158962.0
2022-03-23,SMFBS,1880.0,1880.0,1850.0,1860.0,480.0,894761.1
2022-03-24,SMFBS,1865.0,1865.0,1832.0,1855.0,166.0,305572.8
2022-03-27,SMFBS,1830.0,1845.0,1830.0,1831.0,292.0,536304.0
2022-03-28,SMFBS,1831.0,1831.0,1810.0,1810.0,238.0,433562.0
2022-03-29,SMFBS,1780.1,1800.0,1775.0,1775.0,241.0,429310.5
2022-03-30,SMFBS,1760.0,1785.0,1745.0,1780.0,248.0,437746.2
2022-03-31,SMFBS,1770.0,1780.0,1752.1,1756.1,348.0,612333.0
2022-04-03,SMFBS,1745.0,1770.0,1711.0,1770.0,330.0,571618.0
2022-04-04,SMFBS,1734.6,1751.0,1734.6,1738.0,223.0,387844.8
2022-04-05,SMFBS,1760.0,1760.0,1657.7,1724.3,572.0,970340.2
2022-04-06,SMFBS,1689.9,1700.0,1666.0,1667.0,466.0,781256.0
2022-04-07,SMFBS,1665.0,1700.0,1665.0,1689.0,405.0,684857.0
2022-04-11,SMFBS,1675.0,1720.0,1660.0,1664.0,276.0,460602.8
2022-04-12,SMFBS,1635.0,1665.0,1635.0,1647.0,219.0,360431.1
2022-04-13,SMFBS,1651.0,1670.0,1633.0,1670.0,663.0,1102942.4
2022-04-17,SMFBS,1700.0,1700.0,1636.6,1680.0,373.0,617331.3
2022-04-18,SMFBS,1698.0,1698.0,1633.0,1665.0,286.0,473340.0
2022-04-19,SMFBS,1632.2,1660.0,1631.8,1650.0,268.0,441606.6
2022-04-20,SMFBS,1630.0,1649.3,1617.0,1619.0,250.0,405488.2
2022-04-21,SMFBS,1650.0,1650.0,1575.0,1635.0,699.0,1117035.3
2022-04-24,SMFBS,1605.0,1683.0,1584.8,1668.0,586.0,957368.4
2022-04-25,SMFBS,1700.0,1734.0,1570.0,1617.0,821.0,1332055.1
2022-04-26,SMFBS,1617.0,1625.0,1600.0,1600.0,89.0,143157.6
2022-04-27,SMFBS,1600.0,1601.0,1600.0,1600.0,85.0,136027.5
2022-04-28,SMFBS,1568.1,1600.0,1568.1,1600.0,335.0,534648.4
2022-05-02,SMFBS,1632.0,1664.0,1545.0,1598.0,374.0,587567.6
2022-05-04,SMFBS,1566.1,1566.1,1538.0,1538.0,36.0,55985.0
2022-05-05,SMFBS,1520.0,1536.0,1505.1,1530.0,236.0,358822.0
2022-05-08,SMFBS,1560.6,1560.6,1507.0,1537.0,186.0,285400.0
2022-05-09,SMFBS,1537.0,1596.0,1520.0,1575.0,204.0,320025.0
2022-05-10,SMFBS,1575.0,1605.0,1572.6,1572.6,108.0,172605.0
2022-05-11,SMFBS,1600.0,1631.0,1580.0,1604.0,214.0,341071.0
2022-05-12,SMFBS,1636.0,1636.0,1593.0,1593.0,302.0,484361.0
2022-05-17,SMFBS,1593.0,1624.8,1562.0,1563.0,238.0,374333.6
2022-05-18,SMFBS,1540.0,1569.0,1540.0,1550.0,69.0,107138.0
2022-05-19,SMFBS,1550.0,1580.0,1500.5,1580.0,415.0,636355.3
2022-05-20,SMFBS,1549.0,1599.0,1518.1,1599.0,458.0,700816.7
2022-05-23,SMFBS,1599.0,1599.0,1520.0,1548.0,155.0,238830.0
2022-05-24,SMFBS,1548.0,1548.0,1520.0,1520.0,102.0,155583.5
2022-05-25,SMFBS,1520.0,1550.4,1520.0,1550.0,122.0,187728.8
2022-05-26,SMFBS,1550.0,1550.0,1523.0,1523.1,1927.0,2985618.9
2022-05-27,SMFBS,1553.5,1553.5,1523.0,1549.9,70.0,107527.0
2022-05-30,SMFBS,1560.0,1560.0,1528.8,1528.8,47.0,72384.0
2022-05-31,SMFBS,1529.0,1529.0,1520.0,1520.0,215.0,328241.0
2022-06-01,SMFBS,1495.1,1530.0,1495.1,1530.0,40.0,60226.5
2022-06-02,SMFBS,1530.0,1530.0,1500.0,1500.0,223.0,335239.4
2022-06-03,SMFBS,1500.0,1500.0,1480.0,1495.0,153.0,226921.0
2022-06-06,SMFBS,1500.0,1500.0,1480.0,1499.0,78.0,116525.0
2022-06-07,SMFBS,1510.0,1510.0,1470.0,1470.0,222.0,329946.0
2022-06-08,SMFBS,1475.0,1591.0,1475.0,1591.0,444.0,668415.0
2022-06-09,SMFBS,1605.0,1605.0,1576.0,1576.0,556.0,877371.0
2022-06-10,SMFBS,1576.0,1576.0,1545.0,1545.0,20.0,31210.0
2022-06-13,SMFBS,1545.0,1545.0,1516.1,1516.1,82.0,125042.7
2022-06-14,SMFBS,1487.0,1515.0,1486.0,1515.0,279.0,415553.0
2022-06-15,SMFBS,1485.1,1494.0,1461.0,1490.0,289.0,428012.0
2022-06-16,SMFBS,1471.0,1480.1,1471.0,1476.1,71.0,104833.1
2022-06-17,SMFBS,1505.6,1505.6,1505.6,1505.6,10.0,15056.0
2022-06-19,SMFBS,1475.5,1505.0,1457.0,1505.0,165.0,243058.0
2022-06-20,SMFBS,1500.0,1500.0,1446.0,1499.0,713.0,1050151.9
2022-06-21,SMFBS,1475.0,1495.0,1445.5,1495.0,313.0,456450.3
2022-06-22,SMFBS,1466.0,1466.0,1458.0,1462.1,166.0,242518.6
2022-06-23,SMFBS,1432.9,1460.0,1331.0,1460.0,206.0,286675.2
2022-06-24,SMFBS,1431.0,1431.0,1410.0,1425.0,170.0,242524.0
2022-06-26,SMFBS,1438.0,1567.5,1426.5,1567.5,496.0,739472.3
2022-06-27,SMFBS,1584.0,1584.0,1584.0,1584.0,10.0,15840.0
2022-06-28,SMFBS,1584.0,1584.0,1584.0,1584.0,1.0,1553.0
2022-06-29,SMFBS,1615.5,1615.5,1522.1,1560.0,256.0,397352.6
2022-06-30,SMFBS,1591.2,1688.0,1540.0,1614.9,333.0,530696.1
2022-07-01,SMFBS,1642.0,1642.0,1635.0,1635.0,20.0,32770.0
2022-07-03,SMFBS,1666.0,1666.0,1630.0,1630.0,40.0,65590.0
2022-07-04,SMFBS,1661.0,1661.0,1580.0,1580.0,371.0,602108.0
2022-07-05,SMFBS,1611.6,1708.0,1525.0,1708.0,547.0,845601.6
2022-07-06,SMFBS,1708.0,1708.0,1566.1,1611.0,481.0,763779.2
2022-07-07,SMFBS,1579.0,1636.9,1573.0,1604.0,114.0,180991.0
2022-07-08,SMFBS,1572.0,1575.0,1542.2,1575.0,195.0,304411.4
2022-07-11,SMFBS,1575.0,1575.0,1495.2,1500.0,144.0,218522.5
2022-07-12,SMFBS,1520.0,1530.0,1499.4,1501.0,98.0,148356.7
2022-07-13,SMFBS,1531.0,1625.0,1505.0,1625.0,331.0,507734.2
2022-07-14,SMFBS,1593.0,1593.0,1593.0,1593.0,10.0,15930.0
2022-07-15,SMFBS,1565.0,1565.0,1561.2,1561.2,66.0,103027.0
2022-07-17,SMFBS,1561.2,1561.2,1561.2,1561.2,6.0,9390.3
2022-07-18,SMFBS,1561.2,1561.2,1550.0,1550.0,132.0,205229.0
2022-07-19,SMFBS,1550.0,1581.0,1505.0,1575.0,538.0,823901.4
2022-07-20,SMFBS,1580.0,1580.0,1555.0,1555.0,91.0,142609.5
2022-07-21,SMFBS,1555.5,1586.0,1555.5,1557.0,151.0,236031.0
2022-07-22,SMFBS,1557.0,1562.0,1550.0,1550.0,94.0,146330.0
2022-07-24,SMFBS,1541.0,1700.0,1520.0,1700.0,285.0,451755.0
2022-07-25,SMFBS,1700.0,1729.0,1679.0,1700.0,580.0,984897.0
2022-07-26,SMFBS,1690.0,1690.0,1626.0,1674.1,233.0,384033.9
2022-07-27,SMFBS,1675.0,1699.0,1641.5,1695.0,624.0,1042644.0
2022-07-28,SMFBS,1695.0,1724.0,1665.0,1687.0,378.0,645565.0
2022-07-29,SMFBS,1654.0,1693.0,1653.5,1693.0,347.0,576149.9
2022-07-31,SMFBS,1726.8,1862.0,1645.0,1862.0,1237.0,2095487.0
2022-08-01,SMFBS,1824.8,1824.8,1750.0,1765.0,1724.0,3045184.0
2022-08-02,SMFBS,1765.0,1765.0,1730.0,1745.0,229.0,400805.1
2022-08-03,SMFBS,1744.0,1778.0,1710.5,1710.5,807.0,1388002.0
2022-08-04,SMFBS,1715.0,1715.0,1613.5,1646.0,996.0,1659996.6
2022-08-07,SMFBS,1678.9,1710.0,1632.0,1670.0,224.0,372716.2
2022-08-08,SMFBS,1670.0,1699.0,1642.0,1642.0,293.0,484215.0
2022-08-09,SMFBS,1610.0,1610.0,1577.8,1577.8,1221.0,1951392.7
2022-08-10,SMFBS,1547.0,1581.0,1547.0,1550.0,259.0,403857.0
2022-08-11,SMFBS,1530.0,1581.0,1530.0,1560.0,487.0,758377.0
2022-08-14,SMFBS,1560.0,1560.0,1559.0,1560.0,375.0,584970.0
2022-08-15,SMFBS,1560.0,1622.0,1560.0,1612.0,406.0,652427.0
2022-08-16,SMFBS,1644.0,1676.8,1580.0,1676.8,229.0,365860.0
2022-08-17,SMFBS,1680.0,1680.0,1645.0,1650.0,67.0,111240.0
2022-08-18,SMFBS,1625.0,1683.0,1625.0,1655.0,403.0,664608.0
2022-08-21,SMFBS,1655.0,1698.0,1636.0,1636.0,490.0,824112.6
2022-08-22,SMFBS,1621.0,1636.0,1621.0,1636.0,20.0,32570.0
2022-08-23,SMFBS,1667.0,1690.0,1623.1,1655.0,121.0,199307.2
2022-08-24,SMFBS,1623.0,1683.0,1622.0,1680.0,160.0,264459.6
2022-08-25,SMFBS,1680.0,1680.0,1646.4,1646.4,103.0,171069.0
2022-08-26,SMFBS,1614.0,1630.0,1614.0,1630.0,38.0,61533.0
2022-08-28,SMFBS,1599.0,1625.0,1566.1,1625.0,98.0,156158.3
2022-08-29,SMFBS,1600.0,1620.0,1592.0,1592.0,94.0,150408.0
2022-08-30,SMFBS,1600.0,1600.0,1565.0,1565.0,291.0,457425.0
2022-08-31,SMFBS,1534.0,1545.0,1534.0,1541.0,118.0,181814.0
2022-09-01,SMFBS,1520.0,1601.0,1520.0,1569.0,79.0,123925.0
2022-09-02,SMFBS,1545.2,1545.2,1542.0,1542.0,59.0,91103.0
2022-09-04,SMFBS,1542.0,1581.0,1542.0,1550.0,236.0,367740.2
2022-09-05,SMFBS,1551.0,1551.0,1530.0,1550.0,242.0,372118.5
2022-09-06,SMFBS,1531.0,1532.1,1531.0,1532.0,53.0,81183.0
2022-09-07,SMFBS,1562.0,1562.0,1501.4,1520.0,318.0,482851.5
2022-09-08,SMFBS,1530.0,1530.0,1530.0,1530.0,16.0,24480.0
2022-09-11,SMFBS,1535.0,1535.0,1503.0,1530.0,89.0,135817.0
2022-09-12,SMFBS,1501.0,1531.0,1501.0,1525.0,55.0,83575.0
2022-09-13,SMFBS,1525.0,1540.0,1500.0,1540.0,289.0,438660.0
2022-09-14,SMFBS,1540.0,1569.9,1540.0,1569.9,20.0,31099.0
2022-09-15,SMFBS,1555.5,1555.5,1510.0,1511.0,153.0,234776.0
2022-09-16,SMFBS,1481.0,1540.0,1480.0,1540.0,154.0,229139.5
2022-09-18,SMFBS,1509.2,1509.2,1480.0,1480.0,29.0,43212.0
2022-09-20,SMFBS,1509.6,1539.0,1422.0,1538.0,235.0,340668.6
2022-09-21,SMFBS,1538.0,1538.0,1476.9,1505.0,93.0,138899.9
2022-09-22,SMFBS,1505.0,1505.0,1450.0,1450.0,81.0,118279.1
2022-09-25,SMFBS,1435.0,1449.0,1435.0,1449.0,55.0,79135.0
2022-09-27,SMFBS,1477.7,1478.0,1475.0,1478.0,86.0,126987.0
2022-09-28,SMFBS,1470.0,1470.0,1465.1,1470.0,49.0,71981.0
2022-09-29,SMFBS,1470.0,1500.0,1470.0,1500.0,170.0,251800.0
2022-10-09,SMFBS,1500.0,1530.0,1500.0,1530.0,80.0,122237.6
2022-10-10,SMFBS,1550.0,1550.0,1505.0,1515.0,42.0,63910.0
2022-10-11,SMFBS,1485.0,1514.0,1485.0,1495.0,82.0,122757.0
2022-10-12,SMFBS,1495.0,1524.9,1495.0,1524.9,152.0,229989.4
2022-10-13,SMFBS,1505.0,1520.0,1505.0,1510.0,145.0,219565.0
2022-10-16,SMFBS,1510.1,1510.1,1510.0,1510.0,57.0,86073.0
2022-10-17,SMFBS,1490.0,1490.0,1490.0,1490.0,41.0,61090.0
2022-10-19,SMFBS,1499.0,1519.8,1490.0,1510.0,326.0,490044.4
2022-10-20,SMFBS,1509.0,1510.0,1481.0,1495.0,135.0,203000.0
2022-10-23,SMFBS,1510.0,1524.0,1505.0,1524.0,91.0,137406.0
2022-10-31,SMFBS,1500.3,1523.0,1480.0,1523.0,283.0,423862.2
2022-11-01,SMFBS,1525.5,1548.0,1525.2,1548.0,31.0,47535.0
2022-11-02,SMFBS,1550.0,1560.0,1536.0,1560.0,173.0,266388.0
2022-11-03,SMFBS,1530.0,1530.0,1500.0,1500.0,233.0,352415.0
2022-11-06,SMFBS,1510.0,1601.4,1510.0,1601.0,357.0,557718.1
2022-11-07,SMFBS,1582.0,1617.0,1550.4,1617.0,200.0,313824.2
2022-11-08,SMFBS,1585.0,1605.0,1560.0,1560.0,120.0,189320.0
2022-11-09,SMFBS,1530.0,1560.0,1460.2,1467.0,339.0,505513.0
2022-11-10,SMFBS,1495.0,1496.0,1450.0,1450.0,254.0,375283.0
2022-11-13,SMFBS,1425.0,1440.0,1393.0,1412.0,274.0,387118.2
2022-11-14,SMFBS,1400.0,1402.0,1395.0,1395.0,110.0,153905.0
2022-11-15,SMFBS,1395.0,1400.0,1341.0,1367.8,897.0,1223708.3
2022-11-16,SMFBS,1395.0,1395.0,1350.0,1376.0,349.0,473762.4
2022-11-17,SMFBS,1380.0,1380.0,1355.0,1370.0,137.0,187692.0
2022-11-22,SMFBS,1397.0,1397.0,1380.0,1380.0,221.0,305530.0
2022-11-23,SMFBS,1380.0,1380.0,1355.2,1375.0,53.0,72417.4
2022-11-24,SMFBS,1350.0,1376.0,1350.0,1354.3,224.0,304020.6
2022-11-27,SMFBS,1331.5,1381.0,1331.5,1370.0,330.0,448012.5
2022-11-28,SMFBS,1370.0,1395.0,1370.0,1370.3,77.0,106513.0
2022-11-29,SMFBS,1370.0,1390.0,1370.0,1390.0,98.0,134884.0
2022-11-30,SMFBS,1364.0,1372.0,1364.0,1372.0,68.0,92924.0
2022-12-01,SMFBS,1376.0,1446.0,1375.0,1439.9,455.0,641482.0
2022-12-04,SMFBS,1416.1,1420.0,1416.1,1417.0,82.0,116230.0
2022-12-05,SMFBS,1420.0,1420.0,1365.0,1365.0,326.0,453062.5
2022-12-06,SMFBS,1365.0,1419.0,1350.0,1419.0,113.0,154326.5
2022-12-07,SMFBS,1390.7,1390.7,1370.0,1375.0,186.0,255905.9
2022-12-11,SMFBS,1349.0,1375.0,1349.0,1352.0,100.0,135219.0
2022-12-12,SMFBS,1350.0,1382.0,1350.0,1382.0,132.0,179188.7
2022-12-13,SMFBS,1361.1,1380.0,1361.0,1380.0,39.0,53403.1
2022-12-14,SMFBS,1385.0,1385.0,1380.0,1380.0,32.0,44212.0
2022-12-15,SMFBS,1352.4,1353.0,1352.0,1352.0,112.0,151455.2
2022-12-18,SMFBS,1355.0,1355.0,1350.0,1350.0,30.0,40570.0
2022-12-19,SMFBS,1350.0,1350.0,1335.0,1335.0,51.0,68455.0
2022-12-20,SMFBS,1361.7,1370.0,1350.0,1350.0,140.0,190337.0
2022-12-21,SMFBS,1330.0,1377.0,1330.0,1360.0,111.0,151341.0
2022-12-22,SMFBS,1335.0,1362.0,1335.0,1362.0,297.0,398887.3
2022-12-26,SMFBS,1389.0,1409.0,1382.0,1382.0,65.0,90455.0
2022-12-27,SMFBS,1409.0,1424.0,1372.0,1372.0,501.0,699686.1
2022-12-28,SMFBS,1398.0,1399.4,1359.0,1359.0,136.0,188650.0
2022-12-29,SMFBS,1386.1,1410.0,1369.0,1370.0,181.0,250712.0
2023-01-01,SMFBS,1397.4,1410.0,1385.0,1386.0,530.0,736525.8
2023-01-02,SMFBS,1400.0,1413.7,1390.0,1390.0,296.0,416874.0
2023-01-03,SMFBS,1410.0,1480.0,1410.0,1480.0,724.0,1053812.0
2023-01-04,SMFBS,1508.0,1617.0,1480.0,1617.0,722.0,1099670.6
2023-01-05,SMFBS,1649.0,1730.0,1600.0,1600.0,359.0,589683.0
2023-01-08,SMFBS,1601.0,1685.0,1601.0,1654.0,569.0,933755.5
2023-01-09,SMFBS,1660.0,1660.0,1590.0,1595.0,255.0,412592.0
2023-01-10,SMFBS,1625.0,1657.5,1561.0,1592.0,1309.0,2097941.0
2023-01-12,SMFBS,1600.0,1600.0,1520.0,1520.0,241.0,378113.0
2023-01-17,SMFBS,1520.0,1520.0,1468.0,1515.0,375.0,564696.7
2023-01-18,SMFBS,1517.0,1584.9,1515.0,1584.9,306.0,469108.1
2023-01-19,SMFBS,1554.0,1554.0,1525.0,1526.0,82.0,125940.0
2023-01-23,SMFBS,1526.0,1526.0,1476.0,1476.0,160.0,242688.0
2023-01-24,SMFBS,1446.7,1479.0,1446.0,1450.0,243.0,352894.0
2023-01-25,SMFBS,1450.0,1507.0,1450.0,1507.0,56.0,82636.6
2023-01-26,SMFBS,1515.0,1545.0,1490.0,1505.0,961.0,1451922.5
2023-01-29,SMFBS,1535.0,1550.0,1525.0,1550.0,531.0,816395.0
2023-01-30,SMFBS,1580.0,1581.0,1501.0,1501.0,414.0,631264.0
2023-01-31,SMFBS,1500.0,1560.0,1475.0,1560.0,282.0,429012.7
2023-02-01,SMFBS,1528.8,1530.0,1501.0,1530.0,96.0,145592.0
2023-02-02,SMFBS,1530.0,1530.0,1480.0,1480.0,154.0,230543.1
2023-02-05,SMFBS,1451.1,1462.1,1425.1,1434.0,385.0,557974.7
2023-02-06,SMFBS,1406.0,1430.0,1406.0,1410.0,109.0,154735.0
2023-02-07,SMFBS,1438.2,1508.9,1438.2,1505.0,340.0,501005.0
2023-02-08,SMFBS,1505.0,1535.0,1476.0,1476.0,54.0,81135.0
2023-02-09,SMFBS,1476.0,1480.0,1452.1,1480.0,71.0,104486.9
2023-02-12,SMFBS,1450.6,1450.6,1422.0,1431.0,203.0,290839.9
2023-02-14,SMFBS,1431.0,1431.0,1405.0,1406.1,151.0,213090.5
2023-02-15,SMFBS,1410.0,1410.0,1390.0,1390.0,171.0,238546.2
2023-02-16,SMFBS,1390.0,1390.0,1380.0,1380.0,135.0,187347.3
2023-02-20,SMFBS,1380.0,1407.0,1366.4,1407.0,123.0,169413.0
2023-02-22,SMFBS,1400.0,1425.0,1370.0,1370.0,401.0,555015.3
2023-02-23,SMFBS,1345.0,1392.0,1233.0,1392.0,1760.0,2227741.1
2023-02-26,SMFBS,1364.2,1364.2,1259.3,1357.0,565.0,742159.7
2023-02-27,SMFBS,1370.0,1489.0,1298.5,1489.0,426.0,577730.0
2023-02-28,SMFBS,1459.3,1459.3,1381.8,1440.0,84.0,118986.3
2023-03-01,SMFBS,1415.0,1415.0,1328.3,1380.0,440.0,594460.2
2023-03-02,SMFBS,1352.4,1352.4,1272.0,1300.0,621.0,801286.2
2023-03-05,SMFBS,1274.0,1274.0,1248.6,1248.6,196.0,246930.8
2023-03-07,SMFBS,1273.0,1314.0,1214.3,1314.0,568.0,703911.2
2023-03-09,SMFBS,1314.0,1314.0,1250.0,1295.0,410.0,522520.0
2023-03-12,SMFBS,1300.0,1300.0,1252.0,1268.0,103.0,131198.1
2023-03-13,SMFBS,1243.1,1284.0,1235.2,1284.0,150.0,187482.1
2023-03-14,SMFBS,1260.0,1280.0,1235.0,1238.0,505.0,634634.2
2023-03-15,SMFBS,1216.2,1259.9,1214.2,1240.0,299.0,370983.1
2023-03-16,SMFBS,1240.0,1261.0,1217.0,1260.0,1588.0,1974715.8
2023-03-19,SMFBS,1035.0,1050.0,1014.3,1018.0,350.0,359727.2
2023-03-20,SMFBS,1000.0,1000.0,965.0,970.0,1463.0,1435589.3
2023-03-22,SMFBS,967.0,1066.0,947.7,1005.2,678.0,661399.0
2023-03-23,SMFBS,985.1,1019.0,950.4,1011.0,144.0,139567.4
2023-03-26,SMFBS,1031.2,1031.2,940.8,988.9,557.0,543882.9
2023-03-27,SMFBS,969.2,984.9,931.0,984.9,314.0,299596.8
2023-03-28,SMFBS,989.0,1024.9,968.9,1000.0,445.0,442826.5
2023-03-29,SMFBS,980.0,1016.0,975.8,975.8,58.0,57113.0
2023-03-30,SMFBS,975.8,995.3,878.3,995.0,635.0,570571.0
2023-04-02,SMFBS,995.0,1008.9,899.4,899.4,361.0,336190.7
2023-04-03,SMFBS,904.9,905.0,864.6,903.9,202.0,179198.6
2023-04-04,SMFBS,889.0,889.0,871.0,871.0,69.0,60714.0
2023-04-05,SMFBS,855.0,869.8,843.0,869.8,192.0,163603.6
2023-04-06,SMFBS,853.1,904.8,852.5,887.0,256.0,226273.7
2023-04-09,SMFBS,875.0,880.0,875.0,875.0,405.0,354635.0
2023-04-10,SMFBS,875.0,890.0,875.0,890.0,86.0,75702.1
2023-04-11,SMFBS,907.8,910.0,888.9,910.0,335.0,303457.9
2023-04-12,SMFBS,928.0,958.0,925.0,958.0,274.0,257063.0
2023-04-13,SMFBS,941.0,942.0,941.0,941.0,599.0,563669.0
2023-04-16,SMFBS,925.0,925.0,915.0,916.0,310.0,284610.0
2023-04-17,SMFBS,934.3,934.3,915.7,915.7,56.0,51465.2
2023-04-18,SMFBS,915.7,915.7,899.0,899.0,21.0,19046.0
2023-04-20,SMFBS,900.0,900.0,900.0,900.0,10.0,9000.0
2023-04-23,SMFBS,905.0,918.0,890.2,890.2,358.0,321886.2
2023-04-24,SMFBS,890.2,908.0,882.0,908.0,65.0,57768.0
2023-04-25,SMFBS,908.0,908.0,902.0,902.0,54.0,48786.0
2023-04-26,SMFBS,905.0,923.9,897.0,897.0,163.0,147283.5
2023-04-27,SMFBS,880.0,888.0,880.0,888.0,101.0,88988.5
2023-04-30,SMFBS,871.0,888.0,871.0,888.0,35.0,30740.0
2023-05-02,SMFBS,888.0,888.0,871.9,871.9,24.0,20956.0
2023-05-03,SMFBS,889.3,890.0,889.3,890.0,41.0,36475.3
2023-05-04,SMFBS,872.2,872.2,855.5,870.0,49.0,42398.5
2023-05-07,SMFBS,870.0,872.1,855.0,860.0,72.0,62108.1
2023-05-08,SMFBS,843.0,843.0,826.2,842.7,49.0,40981.5
2023-05-09,SMFBS,842.7,859.5,842.7,859.5,32.0,27223.0
2023-05-10,SMFBS,876.0,876.0,876.0,876.0,18.0,15768.0
2023-05-11,SMFBS,865.0,876.1,850.0,876.1,220.0,190935.0
2023-05-14,SMFBS,858.6,904.8,788.5,902.8,4252.0,3360427.6
2023-05-15,SMFBS,886.1,910.0,886.0,910.0,1555.0,1386723.0
2023-05-17,SMFBS,900.0,917.9,900.0,905.0,158.0,142755.0
2023-05-18,SMFBS,901.0,918.0,900.0,918.0,235.0,212304.0
2023-05-21,SMFBS,936.0,936.0,905.0,910.0,240.0,218375.0
2023-05-22,SMFBS,895.0,913.0,895.0,895.1,510.0,458821.4
2023-05-23,SMFBS,878.0,930.0,878.0,930.0,683.0,628328.0
2023-05-24,SMFBS,930.0,991.0,930.0,991.0,563.0,531447.2
2023-05-28,SMFBS,971.2,999.0,971.2,976.0,848.0,828689.0
2023-05-30,SMFBS,976.0,976.0,950.0,950.0,90.0,86092.6
2023-05-31,SMFBS,931.0,932.0,913.0,913.0,154.0,142595.3
2023-06-01,SMFBS,895.0,944.0,890.0,944.0,311.0,279373.9
2023-06-04,SMFBS,936.0,936.0,920.0,935.0,192.0,178169.0
2023-06-05,SMFBS,936.0,954.7,930.0,944.9,546.0,513991.8
2023-06-06,SMFBS,930.0,983.1,930.0,983.1,1677.0,1581621.4
2023-06-07,SMFBS,982.0,985.0,970.0,980.0,179.0,175415.0
2023-06-08,SMFBS,961.0,975.0,945.0,975.0,162.0,155670.0
2023-06-11,SMFBS,975.0,975.0,960.0,961.0,43.0,41561.0
2023-06-12,SMFBS,974.0,974.0,961.0,961.0,101.0,97327.0
2023-06-13,SMFBS,943.0,1018.9,943.0,1018.9,359.0,345246.0
2023-06-14,SMFBS,999.0,1027.0,999.0,999.0,518.0,524327.2
2023-06-15,SMFBS,980.0,999.0,980.0,999.0,2010.0,1983860.0
2023-06-18,SMFBS,1015.0,1020.0,999.0,1020.0,573.0,579576.8
2023-06-19,SMFBS,999.6,1010.0,985.0,1010.0,277.0,276439.2
2023-06-20,SMFBS,1020.0,1025.0,1000.0,1004.5,143.0,144859.5
2023-06-21,SMFBS,1019.0,1021.0,986.0,1014.0,384.0,381328.0
2023-06-22,SMFBS,993.8,993.8,975.0,976.0,1988.0,1946279.0
2023-06-25,SMFBS,962.0,994.5,962.0,994.0,487.0,471654.8
2023-06-26,SMFBS,985.0,1055.0,985.0,1055.0,517.0,522665.6
2023-06-27,SMFBS,1076.1,1160.5,1065.0,1160.5,1405.0,1605536.7
2023-06-28,SMFBS,1180.0,1224.0,1137.0,1168.0,673.0,786936.5
2023-07-02,SMFBS,1145.0,1145.0,1095.0,1100.0,988.0,1088044.0
2023-07-03,SMFBS,1100.0,1100.0,1060.0,1098.0,526.0,571448.0
2023-07-04,SMFBS,1077.0,1096.0,1077.0,1096.0,129.0,139473.0
2023-07-05,SMFBS,1096.0,1098.0,1080.0,1098.0,230.0,251170.9
2023-07-06,SMFBS,1076.2,1094.0,1040.0,1094.0,275.0,292134.4
2023-07-09,SMFBS,1075.0,1117.0,1075.0,1114.0,654.0,719009.1
2023-07-10,SMFBS,1135.0,1157.7,1114.1,1129.9,585.0,661580.0
2023-07-11,SMFBS,1149.9,1149.9,1111.4,1144.0,73.0,82657.2
2023-07-12,SMFBS,1144.0,1154.0,1100.0,1154.0,524.0,597262.0
2023-07-13,SMFBS,1176.0,1176.0,1123.0,1170.0,822.0,940159.0
2023-07-16,SMFBS,1152.0,1152.0,1128.0,1150.0,383.0,439964.0
2023-07-17,SMFBS,1150.0,1173.0,1127.0,1173.0,464.0,536098.0
2023-07-18,SMFBS,1173.0,1196.4,1149.6,1160.0,1414.0,1644799.5
2023-07-19,SMFBS,1160.0,1183.0,1160.0,1179.0,98.0,115671.6
2023-07-20,SMFBS,1179.0,1179.0,1156.0,1178.0,84.0,97520.0
2023-07-23,SMFBS,1180.0,1200.0,1178.0,1195.0,369.0,435946.0
2023-07-24,SMFBS,1215.0,1215.0,1143.0,1187.0,243.0,282409.0
2023-07-25,SMFBS,1187.0,1187.0,1117.0,1184.0,1042.0,1212913.2
2023-07-26,SMFBS,1184.0,1199.0,1179.9,1199.0,571.0,676109.0
2023-07-27,SMFBS,1219.0,1219.0,1170.0,1190.0,678.0,794590.5
2023-07-30,SMFBS,1167.0,1167.0,1130.0,1150.0,192.0,220619.0
2023-07-31,SMFBS,1127.0,1170.0,1111.1,1170.0,392.0,442431.3
2023-08-01,SMFBS,1170.0,1170.0,1150.0,1150.0,20.0,23080.0
2023-08-02,SMFBS,1127.0,1173.0,1127.0,1149.6,298.0,338750.8
2023-08-03,SMFBS,1126.7,1172.5,1110.0,1172.5,499.0,557338.5
2023-08-06,SMFBS,1150.0,1183.9,1150.0,1160.3,34.0,39542.0
2023-08-07,SMFBS,1137.1,1255.0,1072.0,1255.0,1422.0,1581587.0
2023-08-08,SMFBS,1229.9,1229.9,1229.9,1229.9,25.0,30747.5
2023-08-10,SMFBS,1205.4,1205.4,1120.0,1178.0,646.0,738576.8
2023-08-13,SMFBS,1154.5,1154.5,1114.0,1129.9,380.0,426918.0
2023-08-14,SMFBS,1129.9,1129.9,1086.0,1120.0,74.0,81437.6
2023-08-15,SMFBS,1120.0,1129.0,1100.0,1129.0,40.0,44690.0
2023-08-16,SMFBS,1106.5,1130.0,1084.4,1130.0,151.0,166646.5
2023-08-17,SMFBS,1130.0,1138.9,1107.4,1138.9,21.0,23593.0
2023-08-20,SMFBS,1159.9,1160.0,1159.9,1160.0,29.0,33546.5
2023-08-21,SMFBS,1183.0,1183.0,1183.0,1183.0,11.0,12989.4
2023-08-22,SMFBS,1159.4,1159.4,1091.4,1158.5,104.0,116719.8
2023-08-23,SMFBS,1135.4,1135.4,1090.8,1130.0,173.0,190918.8
2023-08-24,SMFBS,1111.0,1111.0,1066.5,1100.0,493.0,538186.9
2023-08-27,SMFBS,1122.0,1166.0,1122.0,1166.0,30.0,34320.0
2023-08-28,SMFBS,1142.7,1142.7,1056.8,1114.9,322.0,346683.5
2023-08-29,SMFBS,1093.0,1093.0,1055.0,1061.0,412.0,438096.8
2023-08-30,SMFBS,1040.0,1070.0,1039.8,1070.0,70.0,73096.0
2023-09-03,SMFBS,1051.0,1090.0,1050.0,1068.2,85.0,89855.0
2023-09-04,SMFBS,1047.0,1089.2,1047.0,1084.0,67.0,71284.0
2023-09-05,SMFBS,1105.0,1105.0,1042.9,1060.0,89.0,94940.7
2023-09-07,SMFBS,1060.0,1060.0,1019.0,1055.0,90.0,93315.2
2023-09-10,SMFBS,1033.9,1034.0,994.0,1034.0,159.0,163489.5
2023-09-11,SMFBS,1013.4,1090.0,994.0,1090.0,213.0,217017.0
2023-09-12,SMFBS,1090.0,1090.0,1018.4,1059.0,135.0,139351.6
2023-09-13,SMFBS,1037.9,1058.0,998.0,1025.0,453.0,460059.0
2023-09-17,SMFBS,1005.0,1005.0,992.0,1000.0,83.0,82832.0
2023-09-18,SMFBS,1020.0,1020.0,980.0,1019.0,57.0,57416.1
2023-09-21,SMFBS,999.0,1120.9,999.0,1120.9,652.0,668942.9
2023-09-24,SMFBS,1098.5,1098.5,1033.0,1068.0,450.0,479355.0
2023-09-25,SMFBS,1068.0,1070.9,1029.0,1068.0,92.0,97215.0
2023-09-26,SMFBS,1050.0,1174.0,1026.0,1174.0,613.0,661640.2
2023-10-01,SMFBS,1150.6,1150.6,1056.6,1064.0,464.0,493262.2
2023-10-02,SMFBS,1042.8,1043.4,1005.0,1037.9,167.0,170917.0
2023-10-03,SMFBS,1030.0,1049.9,1005.0,1049.9,169.0,172332.4
2023-10-04,SMFBS,1029.0,1065.0,1009.0,1065.0,434.0,445730.4
2023-10-05,SMFBS,1044.0,1064.7,1023.2,1064.7,148.0,152651.8
2023-10-08,SMFBS,1043.5,1043.5,1002.0,1040.0,196.0,198213.8
2023-10-09,SMFBS,1020.0,1020.0,995.0,1010.0,390.0,392786.2
2023-10-10,SMFBS,1010.0,1010.0,1010.0,1010.0,10.0,10100.0
2023-10-11,SMFBS,989.8,1004.0,956.0,1004.0,486.0,473445.4
2023-10-12,SMFBS,990.0,1000.0,941.5,1000.0,198.0,190909.5
2023-10-16,SMFBS,980.0,980.0,960.0,977.0,73.0,70478.0
2023-10-17,SMFBS,959.0,994.9,959.0,994.9,56.0,54329.0
2023-10-18,SMFBS,1014.6,1076.6,976.0,1020.0,645.0,651140.0
2023-10-19,SMFBS,1028.0,1028.0,1028.0,1028.0,10.0,10280.0
2023-10-29,SMFBS,1028.0,1029.0,1028.0,1029.0,15.0,15327.5
2023-10-30,SMFBS,1008.5,1048.9,988.4,1048.9,40.0,40342.0
2023-10-31,SMFBS,1028.0,1047.7,1007.5,1047.7,160.0,163652.0
2023-11-01,SMFBS,1041.0,1041.0,1041.0,1041.0,10.0,10410.0
2023-11-07,SMFBS,1020.2,1104.6,936.9,955.0,2442.0,2332967.0
2023-11-08,SMFBS,936.0,950.0,898.0,949.0,650.0,600738.0
2023-11-09,SMFBS,966.8,966.8,947.5,947.5,21.0,20103.0
2023-11-20,SMFBS,965.9,965.9,963.9,964.0,30.0,28938.0
2023-11-22,SMFBS,944.8,944.8,873.0,907.0,243.0,221821.8
2023-11-26,SMFBS,925.1,962.4,925.1,962.4,30.0,28311.0
2023-11-27,SMFBS,981.6,981.6,866.2,885.0,2236.0,1967535.3
2023-11-28,SMFBS,868.9,870.0,855.0,860.0,902.0,775599.0
2023-11-29,SMFBS,860.0,869.0,859.0,859.0,321.0,276548.0
2023-11-30,SMFBS,859.0,859.0,830.0,830.0,820.0,686268.3
2023-12-03,SMFBS,830.0,831.0,810.0,810.0,377.0,308160.0
2023-12-04,SMFBS,800.0,800.0,781.0,781.0,528.0,416136.0
2023-12-05,SMFBS,781.0,781.0,735.0,735.0,1205.0,904696.5
2023-12-06,SMFBS,722.0,735.0,720.0,732.0,282.0,204071.0
2023-12-07,SMFBS,719.0,739.0,717.4,736.0,2617.0,1889204.0
2023-12-10,SMFBS,750.0,795.9,750.0,795.9,380.0,289871.0
2023-12-11,SMFBS,800.0,800.0,747.0,752.4,2850.0,2164506.4
2023-12-12,SMFBS,766.0,782.0,751.7,782.0,1359.0,1037729.6
2023-12-13,SMFBS,797.0,797.0,750.0,780.0,774.0,603663.8
2023-12-14,SMFBS,766.0,780.0,765.0,780.0,695.0,535586.9
2023-12-17,SMFBS,781.0,790.0,781.0,790.0,522.0,410423.0
2023-12-18,SMFBS,805.7,850.0,805.7,848.8,1524.0,1264265.0
2023-12-19,SMFBS,850.0,872.0,840.1,872.0,1093.0,940311.7
2023-12-20,SMFBS,885.0,920.0,868.0,900.0,802.0,713688.5
2023-12-21,SMFBS,900.0,900.0,832.5,885.3,2341.0,2054767.5
2023-12-24,SMFBS,900.0,910.0,880.0,880.0,2509.0,2234446.2
2023-12-27,SMFBS,896.0,920.0,867.0,870.2,997.0,884140.4
2023-12-28,SMFBS,885.0,887.0,870.0,872.2,815.0,712587.6
2024-01-01,SMFBS,888.0,925.4,856.0,925.0,310.0,274783.0
2024-01-02,SMFBS,924.9,924.9,854.0,885.0,481.0,422619.5
2024-01-03,SMFBS,885.0,885.0,850.0,885.0,131.0,114594.0
2024-01-04,SMFBS,890.0,890.0,861.0,869.0,357.0,311596.5
2024-01-07,SMFBS,855.0,868.0,840.0,842.0,416.0,352199.9
2024-01-08,SMFBS,842.0,868.0,833.0,868.0,606.0,509035.0
2024-01-09,SMFBS,855.6,870.0,842.8,868.0,614.0,526747.6
2024-01-10,SMFBS,885.0,920.7,871.1,888.0,305.0,270780.3
2024-01-11,SMFBS,905.7,923.0,855.0,923.0,338.0,304441.5
2024-01-14,SMFBS,904.6,959.8,891.1,959.8,898.0,830147.0
2024-01-16,SMFBS,959.8,967.9,921.1,948.6,1037.0,986384.2
2024-01-17,SMFBS,935.0,960.0,925.0,929.1,2750.0,2578052.4
2024-01-18,SMFBS,911.0,949.0,911.0,949.0,583.0,538457.2
2024-01-21,SMFBS,940.0,953.0,935.0,948.0,859.0,806940.0
2024-01-22,SMFBS,948.0,948.0,921.2,921.2,112.0,103946.6
2024-01-23,SMFBS,902.8,937.3,901.0,905.0,292.0,268493.5
2024-01-24,SMFBS,905.0,910.0,890.0,906.0,1501.0,1355082.0
2024-01-25,SMFBS,888.0,899.9,888.0,891.0,138.0,123112.2
2024-01-28,SMFBS,873.2,892.0,856.1,892.0,930.0,814392.2
