Date,Symbol,Open,High,Low,Close,Volume,Value
2019-05-12,mutual_fund,9.92,9.92,9.92,9.92,124187,1169602.0
2019-05-13,mutual_fund,10.02,10.02,10.02,10.02,33659,326230.0
2019-05-14,mutual_fund,10.12,10.12,10.12,10.12,94074,933407.0
2019-05-15,mutual_fund,10.08,10.08,10.08,10.08,94074,933407.0
2019-05-16,mutual_fund,10.09,10.09,10.09,10.09,137380,1322850.0
2019-05-19,mutual_fund,10.12,10.12,10.12,10.12,137380,1322850.0
2019-05-20,mutual_fund,9.93,9.93,9.93,9.93,177355,1664872.0
2019-05-21,mutual_fund,9.98,9.98,9.98,9.98,271614,2614621.0
2019-05-22,mutual_fund,9.78,9.78,9.78,9.78,118300,1125894.0
2019-05-23,mutual_fund,9.8,9.8,9.8,9.8,84174,824864.0
2019-05-26,mutual_fund,9.78,9.78,9.78,9.78,101630,991917.0
2019-05-27,mutual_fund,9.69,9.69,9.69,9.69,189968,1780662.0
2019-05-28,mutual_fund,9.86,9.86,9.86,9.86,109843,1071339.0
2019-05-29,mutual_fund,9.9,9.9,9.9,9.9,144664,1462876.0
2019-05-30,mutual_fund,9.9,9.9,9.9,9.9,144664,1462876.0
2019-06-02,mutual_fund,9.97,9.97,9.97,9.97,38354,379114.0
2019-06-03,mutual_fund,9.83,9.83,9.83,9.83,121468,1160212.0
2019-06-04,mutual_fund,9.8,9.8,9.8,9.8,138105,1330830.0
2019-06-06,mutual_fund,9.81,9.81,9.81,9.81,69306,682552.0
2019-06-10,mutual_fund,9.88,9.88,9.88,9.88,126912,1239490.0
2019-06-11,mutual_fund,9.88,9.88,9.88,9.88,38096,371856.0
2019-06-12,mutual_fund,9.73,9.73,9.73,9.73,112557,1083224.0
2019-06-13,mutual_fund,9.73,9.73,9.73,9.73,23268,206943.0
2019-06-16,mutual_fund,9.69,9.69,9.69,9.69,74863,728894.0
2019-06-17,mutual_fund,9.7,9.7,9.7,9.7,0,
2019-06-18,mutual_fund,9.62,9.62,9.62,9.62,156299,1489610.0
2019-06-19,mutual_fund,9.59,9.59,9.59,9.59,55655,525326.0
2019-06-20,mutual_fund,9.61,9.61,9.61,9.61,116474,1083825.0
2019-06-23,mutual_fund,9.64,9.64,9.64,9.64,50934,479847.0
2019-06-24,mutual_fund,9.61,9.61,9.61,9.61,117314,1133739.0
2019-06-25,mutual_fund,9.6,9.6,9.6,9.6,0,
2019-06-26,mutual_fund,9.62,9.62,9.62,9.62,0,
2019-06-27,mutual_fund,9.61,9.61,9.61,9.61,0,
2019-06-30,mutual_fund,9.58,9.58,9.58,9.58,0,
2019-07-01,mutual_fund,9.51,9.51,9.51,9.51,0,
2019-07-02,mutual_fund,9.59,9.59,9.59,9.59,0,
2019-07-03,mutual_fund,9.65,9.65,9.65,9.65,0,
2019-07-04,mutual_fund,9.62,9.62,9.62,9.62,0,
2019-07-07,mutual_fund,9.63,9.63,9.63,9.63,0,
2019-07-08,mutual_fund,9.68,9.68,9.68,9.68,0,
2019-07-09,mutual_fund,9.67,9.67,9.67,9.67,0,
2019-07-10,mutual_fund,9.56,9.56,9.56,9.56,0,
2019-07-11,mutual_fund,9.49,9.49,9.49,9.49,0,
2019-07-14,mutual_fund,9.52,9.52,9.52,9.52,0,
2019-07-15,mutual_fund,9.65,9.65,9.65,9.65,0,
2019-07-16,mutual_fund,10.13,10.13,10.13,10.13,0,
2019-07-17,mutual_fund,10.13,10.13,10.13,10.13,0,
2019-07-18,mutual_fund,10.12,10.12,10.12,10.12,0,
2019-07-21,mutual_fund,10.09,10.09,10.09,10.09,0,
2019-07-22,mutual_fund,9.9,9.9,9.9,9.9,0,
2019-07-23,mutual_fund,9.91,9.91,9.91,9.91,336060,3350363.0
2019-07-24,mutual_fund,10.0,10.0,10.0,10.0,68325,698411.0
2019-07-25,mutual_fund,9.89,9.89,9.89,9.89,0,
2019-07-28,mutual_fund,10.05,10.05,10.05,10.05,0,
2019-07-29,mutual_fund,10.05,10.05,10.05,10.05,0,
2019-07-30,mutual_fund,10.03,10.03,10.03,10.03,0,
2019-07-31,mutual_fund,10.11,10.11,10.11,10.11,0,
2019-08-01,mutual_fund,10.08,10.08,10.08,10.08,0,
2019-08-04,mutual_fund,9.98,9.98,9.98,9.98,76209,747116.0
2019-08-05,mutual_fund,10.09,10.09,10.09,10.09,237782,2558102.0
2019-08-06,mutual_fund,10.0,10.0,10.0,10.0,165082,1754728.0
2019-08-07,mutual_fund,9.96,9.96,9.96,9.96,89082,871677.0
2019-08-08,mutual_fund,9.94,9.94,9.94,9.94,137133,1408863.0
2019-08-11,mutual_fund,9.96,9.96,9.96,9.96,0,
2019-08-12,mutual_fund,10.0,10.0,10.0,10.0,661144,7026493.0
2019-08-13,mutual_fund,10.0,10.0,10.0,10.0,661144,7026493.0
2019-08-14,mutual_fund,9.96,9.96,9.96,9.96,126854,1333156.0
2019-08-15,mutual_fund,9.96,9.96,9.96,9.96,0,
2019-08-18,mutual_fund,9.9,9.9,9.9,9.9,33812,309419.0
2019-08-19,mutual_fund,9.91,9.91,9.91,9.91,83969,804267.0
2019-08-20,mutual_fund,9.95,9.95,9.95,9.95,165400,1484717.0
2019-08-21,mutual_fund,9.92,9.92,9.92,9.92,271893,2189732.0
2019-08-22,mutual_fund,9.9,9.9,9.9,9.9,111280,1059016.0
2019-08-25,mutual_fund,9.88,9.88,9.88,9.88,222833,2025470.0
2019-08-26,mutual_fund,9.82,9.82,9.82,9.82,74550,709882.0
2019-08-27,mutual_fund,9.82,9.82,9.82,9.82,75461,721622.0
2019-08-28,mutual_fund,9.79,9.79,9.79,9.79,74361,689775.0
2019-08-29,mutual_fund,9.78,9.78,9.78,9.78,73666,692167.0
2019-09-01,mutual_fund,9.7,9.7,9.7,9.7,145870,1380698.0
2019-09-02,mutual_fund,9.63,9.63,9.63,9.63,45049,405162.0
2019-09-03,mutual_fund,9.63,9.63,9.63,9.63,98639,907410.0
2019-09-04,mutual_fund,9.72,9.72,9.72,9.72,47235,400645.0
2019-09-05,mutual_fund,9.73,9.73,9.73,9.73,26077,231477.0
2019-09-08,mutual_fund,9.68,9.68,9.68,9.68,53739,486636.0
2019-09-09,mutual_fund,9.56,9.56,9.56,9.56,98618,862033.0
2019-09-10,mutual_fund,9.56,9.56,9.56,9.56,782723,
2019-09-11,mutual_fund,9.62,9.62,9.62,9.62,189532,1915933.0
2019-09-12,mutual_fund,9.55,9.55,9.55,9.55,57647,507815.0
2019-09-15,mutual_fund,9.46,9.46,9.46,9.46,96563,860253.0
2019-09-16,mutual_fund,9.39,9.39,9.39,9.39,75723,646040.0
2019-09-17,mutual_fund,9.39,9.39,9.39,9.39,68874,574089.0
2019-09-18,mutual_fund,9.4,9.4,9.4,9.4,137100,1174909.0
2019-09-19,mutual_fund,9.42,9.42,9.42,9.42,4974,42605.0
2019-09-22,mutual_fund,9.39,9.39,9.39,9.39,48783,429775.0
2019-09-23,mutual_fund,9.33,9.33,9.33,9.33,109803,800029.0
2019-09-24,mutual_fund,9.27,9.27,9.27,9.27,69913,585434.0
2019-09-25,mutual_fund,9.27,9.27,9.27,9.27,139577,1114609.0
2019-09-26,mutual_fund,9.36,9.36,9.36,9.36,51361,439691.0
2019-09-29,mutual_fund,9.34,9.34,9.34,9.34,13950,109214.0
2019-09-30,mutual_fund,9.34,9.34,9.34,9.34,5900,50373.0
2019-10-01,mutual_fund,9.33,9.33,9.33,9.33,122267,920432.0
2019-10-02,mutual_fund,9.38,9.38,9.38,9.38,17328,143269.0
2019-10-03,mutual_fund,9.39,9.39,9.39,9.39,6920,61998.0
2019-10-10,mutual_fund,9.39,9.39,9.39,9.39,1400,14042.0
2019-10-14,mutual_fund,9.4,9.4,9.4,9.4,13935,124080.0
2019-10-15,mutual_fund,9.4,9.4,9.4,9.4,17125,148334.0
2019-10-16,mutual_fund,9.41,9.41,9.41,9.41,82641,707624.0
2019-10-17,mutual_fund,9.51,9.51,9.51,9.51,266558,2508191.0
2019-10-20,mutual_fund,9.2,9.2,9.2,9.2,30385,247253.0
2019-10-21,mutual_fund,9.23,9.23,9.23,9.23,10900,88238.0
2019-10-22,mutual_fund,9.21,9.21,9.21,9.21,80108,583791.0
2019-10-23,mutual_fund,9.31,9.31,9.31,9.31,37834,301805.0
2019-10-24,mutual_fund,9.34,9.34,9.34,9.34,31855,280757.0
2019-10-31,mutual_fund,9.1,9.1,9.1,9.1,70378,581932.0
2019-11-03,mutual_fund,9.11,9.11,9.11,9.11,80687,
2019-11-04,mutual_fund,9.17,9.17,9.17,9.17,116305,970499.0
2019-11-05,mutual_fund,9.17,9.17,9.17,9.17,116305,970499.0
2019-11-06,mutual_fund,9.4,9.4,9.4,9.4,40317,327714.0
2019-11-07,mutual_fund,9.4,9.4,9.4,9.4,33397,270348.0
2019-11-10,mutual_fund,9.29,9.29,9.29,9.29,41896,354029.0
2019-11-11,mutual_fund,9.3,9.3,9.3,9.3,39592,331553.0
2019-11-12,mutual_fund,9.27,9.27,9.27,9.27,0,
2019-11-13,mutual_fund,9.16,9.16,9.16,9.16,48299,409428.0
2019-11-14,mutual_fund,9.31,9.31,9.31,9.31,94169,809134.0
2019-11-17,mutual_fund,9.24,9.24,9.24,9.24,16188,123836.0
2019-11-18,mutual_fund,9.2,9.2,9.2,9.2,7913,66371.0
2019-11-19,mutual_fund,9.2,9.2,9.2,9.2,83127,714017.0
2019-11-20,mutual_fund,9.17,9.17,9.17,9.17,78885,677806.0
2019-11-21,mutual_fund,9.18,9.18,9.18,9.18,31972,264153.0
2019-11-24,mutual_fund,9.08,9.08,9.08,9.08,38532,334121.0
2019-11-25,mutual_fund,9.03,9.03,9.03,9.03,79080,661604.0
2019-11-26,mutual_fund,9.0,9.0,9.0,9.0,29200,231504.0
2019-11-27,mutual_fund,9.25,9.25,9.25,9.25,85211,716722.0
2019-11-28,mutual_fund,9.11,9.11,9.11,9.11,580556,4821345.0
2019-12-01,mutual_fund,9.04,9.04,9.04,9.04,54564,426489.0
2019-12-02,mutual_fund,8.95,8.95,8.95,8.95,52526,444197.0
2019-12-03,mutual_fund,9.03,9.03,9.03,9.03,18573,147407.0
2019-12-04,mutual_fund,9.12,9.12,9.12,9.12,89056,728743.0
2019-12-05,mutual_fund,9.23,9.23,9.23,9.23,45700,375866.0
2019-12-08,mutual_fund,9.22,9.22,9.22,9.22,69367,586185.0
2019-12-09,mutual_fund,9.22,9.22,9.22,9.22,133597,1078803.0
2019-12-10,mutual_fund,9.23,9.23,9.23,9.23,27934,217794.0
2019-12-11,mutual_fund,9.25,9.25,9.25,9.25,54512,438106.0
2019-12-12,mutual_fund,9.33,9.33,9.33,9.33,25514,221539.0
2019-12-15,mutual_fund,9.28,9.28,9.28,9.28,52760,451473.0
2019-12-16,mutual_fund,9.25,9.25,9.25,9.25,62236,515318.0
2019-12-17,mutual_fund,9.27,9.27,9.27,9.27,51678,429242.0
2019-12-18,mutual_fund,9.26,9.26,9.26,9.26,46383,400086.0
2019-12-19,mutual_fund,9.31,9.31,9.31,9.31,61310,538874.0
2019-12-22,mutual_fund,9.36,9.36,9.36,9.36,80225,697645.0
2019-12-23,mutual_fund,9.28,9.28,9.28,9.28,34153,274169.0
2019-12-24,mutual_fund,9.28,9.28,9.28,9.28,82954,659669.0
2019-12-25,mutual_fund,9.29,9.29,9.29,9.29,36758,307216.0
2019-12-26,mutual_fund,9.26,9.26,9.26,9.26,49564,403042.0
2019-12-29,mutual_fund,9.09,9.09,9.09,9.09,174885,1371401.0
2019-12-30,mutual_fund,9.22,9.22,9.22,9.22,109095,919012.0
2019-12-31,mutual_fund,9.2,9.2,9.2,9.2,81574,695593.0
2020-01-01,mutual_fund,9.3,9.3,9.3,9.3,89213,721829.0
2020-01-02,mutual_fund,9.28,9.28,9.28,9.28,45161,379183.0
2020-01-05,mutual_fund,9.3,9.3,9.3,9.3,54617,431441.0
2020-01-06,mutual_fund,9.45,9.45,9.45,9.45,113021,944429.0
2020-01-07,mutual_fund,9.46,9.46,9.46,9.46,142731,1222973.0
2020-01-08,mutual_fund,9.55,9.55,9.55,9.55,136944,1204377.0
2020-01-09,mutual_fund,9.48,9.48,9.48,9.48,149947,1235308.0
2020-01-12,mutual_fund,9.72,9.72,9.72,9.72,176369,1514424.0
2020-01-13,mutual_fund,9.75,9.75,9.75,9.75,301291,2638963.0
2020-01-14,mutual_fund,9.68,9.68,9.68,9.68,264485,2217850.0
2020-01-15,mutual_fund,9.83,9.83,9.83,9.83,256862,2342059.0
2020-01-16,mutual_fund,10.05,10.05,10.05,10.05,330331,3014491.0
2020-01-19,mutual_fund,10.6,10.6,10.6,10.6,435351,4224790.0
2020-01-20,mutual_fund,10.42,10.42,10.42,10.42,666021,6226128.0
2020-01-21,mutual_fund,10.27,10.27,10.27,10.27,395176,3674047.0
2020-01-22,mutual_fund,10.21,10.21,10.21,10.21,328071,3009716.0
2020-01-23,mutual_fund,10.19,10.19,10.19,10.19,521134,4781599.0
2020-01-26,mutual_fund,10.13,10.13,10.13,10.13,162310,1367070.0
2020-01-27,mutual_fund,10.16,10.16,10.16,10.16,92673,819352.0
2020-01-28,mutual_fund,10.26,10.26,10.26,10.26,394255,3592119.0
2020-01-29,mutual_fund,10.12,10.12,10.12,10.12,52277,472682.0
2020-01-30,mutual_fund,10.15,10.15,10.15,10.15,233770,2072843.0
2020-02-02,mutual_fund,10.23,10.23,10.23,10.23,195150,1796884.0
2020-02-03,mutual_fund,10.29,10.29,10.29,10.29,116151,1070264.0
2020-02-04,mutual_fund,10.15,10.15,10.15,10.15,188955,1719793.0
2020-02-05,mutual_fund,10.01,10.01,10.01,10.01,99336,914763.0
2020-02-06,mutual_fund,9.99,9.99,9.99,9.99,107454,963969.0
2020-02-09,mutual_fund,9.93,9.93,9.93,9.93,79170,692865.0
2020-02-10,mutual_fund,9.93,9.93,9.93,9.93,85853,749037.0
2020-02-11,mutual_fund,10.09,10.09,10.09,10.09,109426,997546.0
2020-02-12,mutual_fund,10.12,10.12,10.12,10.12,652753,5973413.0
2020-02-13,mutual_fund,10.07,10.07,10.07,10.07,129210,1143471.0
2020-02-16,mutual_fund,10.01,10.01,10.01,10.01,194730,1735687.0
2020-02-17,mutual_fund,10.11,10.11,10.11,10.11,381981,3537947.0
2020-02-18,mutual_fund,10.3,10.3,10.3,10.3,284929,2685477.0
2020-02-19,mutual_fund,10.3,10.3,10.3,10.3,246424,2248396.0
2020-02-20,mutual_fund,10.26,10.26,10.26,10.26,346130,3195082.0
2020-02-23,mutual_fund,10.54,10.54,10.54,10.54,360732,3495730.0
2020-02-24,mutual_fund,10.5,10.5,10.5,10.5,388345,3636861.0
2020-02-25,mutual_fund,10.59,10.59,10.59,10.59,316777,3002431.0
2020-02-26,mutual_fund,10.93,10.93,10.93,10.93,861098,8581699.0
2020-02-27,mutual_fund,10.76,10.76,10.76,10.76,954827,9800637.0
2020-03-01,mutual_fund,10.56,10.56,10.56,10.56,1150978,11541439.0
2020-03-02,mutual_fund,10.64,10.64,10.64,10.64,201809,1865348.0
2020-03-03,mutual_fund,10.64,10.64,10.64,10.64,221964,2096136.0
2020-03-04,mutual_fund,10.52,10.52,10.52,10.52,269787,2509364.0
2020-03-05,mutual_fund,10.39,10.39,10.39,10.39,266672,2529883.0
2020-03-10,mutual_fund,10.35,10.35,10.35,10.35,64671,620999.0
2020-03-11,mutual_fund,10.28,10.28,10.28,10.28,303216,2855687.0
2020-03-12,mutual_fund,10.09,10.09,10.09,10.09,179077,1670654.0
2020-03-15,mutual_fund,9.78,9.78,9.78,9.78,183842,1611459.0
2020-03-16,mutual_fund,9.67,9.67,9.67,9.67,169046,1492398.0
2020-03-17,mutual_fund,9.71,9.71,9.71,9.71,267701,2357844.0
2020-03-18,mutual_fund,9.71,9.71,9.71,9.71,75927,651601.0
2020-03-19,mutual_fund,9.69,9.69,9.69,9.69,126642,1106731.0
2020-03-22,mutual_fund,9.69,9.69,9.69,9.69,126642,1106731.0
2020-05-12,mutual_fund,9.69,9.69,9.69,9.69,500,3925.0
2020-05-13,mutual_fund,9.69,9.69,9.69,9.69,500,3925.0
2020-06-29,mutual_fund,9.63,9.63,9.63,9.63,36083,
2020-06-30,mutual_fund,9.59,9.59,9.59,9.59,5800,49796.0
2020-07-01,mutual_fund,9.6,9.6,9.6,9.6,2416,21682.0
2020-07-02,mutual_fund,9.61,9.61,9.61,9.61,1100,9655.0
2020-07-05,mutual_fund,9.37,9.37,9.37,9.37,145777,1261126.0
2020-07-06,mutual_fund,9.37,9.37,9.37,9.37,112892,969160.0
2020-07-07,mutual_fund,9.54,9.54,9.54,9.54,78398,648959.0
2020-07-08,mutual_fund,9.54,9.54,9.54,9.54,195220,1719146.0
2020-07-09,mutual_fund,9.92,9.92,9.92,9.92,267219,2232917.0
2020-07-12,mutual_fund,9.91,9.91,9.91,9.91,259992,2330988.0
2020-07-13,mutual_fund,10.11,10.11,10.11,10.11,729052,6631715.0
2020-07-14,mutual_fund,10.24,10.24,10.24,10.24,0,
2020-07-15,mutual_fund,10.45,10.45,10.45,10.45,371746,3513743.0
2020-07-16,mutual_fund,10.48,10.48,10.48,10.48,252071,2292361.0
2020-07-19,mutual_fund,10.47,10.47,10.47,10.47,12000,120000.0
2020-07-20,mutual_fund,10.49,10.49,10.49,10.49,241157,2290256.0
2020-07-21,mutual_fund,10.55,10.55,10.55,10.55,454565,4318494.0
2020-07-22,mutual_fund,10.62,10.62,10.62,10.62,353068,3346512.0
2020-07-23,mutual_fund,10.59,10.59,10.59,10.59,493242,4666179.0
2020-07-26,mutual_fund,10.57,10.57,10.57,10.57,620983,5873295.0
2020-07-27,mutual_fund,10.56,10.56,10.56,10.56,410185,3885724.0
2020-07-28,mutual_fund,10.7,10.7,10.7,10.7,332703,3272466.0
2020-07-29,mutual_fund,10.54,10.54,10.54,10.54,322407,3076566.0
2020-07-30,mutual_fund,10.61,10.61,10.61,10.61,386610,3655823.0
2020-08-02,mutual_fund,10.54,10.54,10.54,10.54,449348,4244125.0
2020-08-03,mutual_fund,10.48,10.48,10.48,10.48,238865,2241681.0
2020-08-05,mutual_fund,10.53,10.51,10.42,10.49,533488,5092033.0
2020-08-06,mutual_fund,10.4,10.4,10.4,10.4,179294,1625509.0
2020-08-09,mutual_fund,10.61,10.61,10.61,10.61,868496,8379842.0
2020-08-10,mutual_fund,10.58,10.58,10.58,10.58,713009,6844095.0
2020-08-11,mutual_fund,10.57,10.63,10.61,10.61,636129,6258890.0
2020-08-12,mutual_fund,10.7,10.7,10.7,10.7,771231,7663956.0
2020-08-13,mutual_fund,10.68,10.68,10.68,10.68,894975,8714468.0
2020-08-16,mutual_fund,10.62,10.62,10.62,10.62,999278,9699234.0
2020-08-17,mutual_fund,10.63,10.63,10.63,10.63,593195,5837683.0
2020-08-18,mutual_fund,10.59,10.59,10.59,10.59,921679,9215536.0
2020-08-19,mutual_fund,10.59,10.59,10.59,10.59,200067,1952116.0
2020-08-20,mutual_fund,10.58,10.58,10.58,10.58,204066,2022031.0
2020-08-23,mutual_fund,10.55,10.55,10.55,10.55,158827,1514179.0
2020-08-24,mutual_fund,10.58,10.58,10.58,10.58,383994,3694055.0
2020-08-25,mutual_fund,10.57,10.57,10.57,10.57,267226,2500878.0
2020-08-26,mutual_fund,10.73,10.73,10.73,10.73,395993,3771036.0
2020-08-27,mutual_fund,10.66,10.66,10.66,10.66,526482,5016227.0
2020-08-30,mutual_fund,10.63,10.63,10.63,10.63,110858,1023535.0
2020-08-31,mutual_fund,10.7,10.7,10.7,10.7,622195,5921127.0
2020-09-02,mutual_fund,10.78,10.78,10.78,10.78,839898,8305746.0
2020-09-03,mutual_fund,10.84,10.84,10.84,10.84,3011935,31656156.0
2020-09-06,mutual_fund,10.84,10.84,10.84,10.84,470572,4558974.0
2020-09-07,mutual_fund,10.79,10.79,10.79,10.79,643223,6153731.0
2020-09-08,mutual_fund,10.8,10.8,10.8,10.8,392514,3912865.0
2020-09-09,mutual_fund,10.83,10.83,10.83,10.83,901293,8916366.0
2020-09-10,mutual_fund,10.81,10.81,10.81,10.81,307038,2975574.0
2020-09-13,mutual_fund,10.73,10.73,10.73,10.73,260716,2459869.0
2020-09-14,mutual_fund,10.77,10.77,10.77,10.77,363770,3364503.0
2020-09-15,mutual_fund,10.81,10.81,10.81,10.81,1125164,11047898.0
2020-09-16,mutual_fund,10.86,10.86,10.86,10.86,956206,9637871.0
2020-09-17,mutual_fund,10.97,10.97,10.97,10.97,1540194,15015135.0
2020-09-20,mutual_fund,10.97,10.97,10.81,10.87,385427,3674563.0
2020-09-21,mutual_fund,10.87,10.87,10.75,10.76,908743,8827369.0
2020-09-22,mutual_fund,10.78,10.79,10.67,10.68,741887,7337973.0
2020-09-23,mutual_fund,10.69,10.74,10.66,10.7,556174,5368945.0
2020-09-24,mutual_fund,10.7,10.7,10.64,10.69,798921,8006581.0
2020-09-27,mutual_fund,10.69,10.72,10.64,10.72,832124,8106321.0
2020-09-28,mutual_fund,10.72,10.77,10.64,10.67,826316,8546577.0
2020-09-29,mutual_fund,10.67,10.71,10.66,10.69,210017,2102242.0
2020-09-30,mutual_fund,10.7,10.82,10.67,10.82,418154,4347028.0
2020-10-01,mutual_fund,10.81,10.85,10.74,10.81,441920,4155759.0
2020-10-04,mutual_fund,10.81,10.81,10.44,10.46,752769,7170123.0
2020-10-05,mutual_fund,10.44,10.6,10.44,10.55,646972,6136230.0
2020-10-06,mutual_fund,10.54,10.54,10.43,10.53,357399,3390943.0
2020-10-07,mutual_fund,10.53,10.58,10.47,10.58,422929,3953007.0
2020-10-08,mutual_fund,10.58,10.61,10.5,10.6,499863,4827910.0
2020-10-11,mutual_fund,10.59,10.61,10.5,10.5,645744,6302572.0
2020-10-12,mutual_fund,10.48,10.51,10.38,10.47,236068,2235333.0
2020-10-13,mutual_fund,10.47,10.56,10.45,10.52,351410,3387261.0
2020-10-14,mutual_fund,10.52,10.52,10.41,10.45,328518,3148946.0
2020-10-15,mutual_fund,10.45,10.52,10.42,10.46,539036,5026099.0
2020-10-18,mutual_fund,10.46,10.5,10.42,10.42,271598,2565809.0
2020-10-19,mutual_fund,10.41,10.51,10.39,10.46,139677,1284151.0
2020-10-20,mutual_fund,10.47,10.57,10.47,10.57,332145,3217862.0
2020-10-21,mutual_fund,10.61,10.67,10.51,10.67,311642,3007655.0
2020-10-22,mutual_fund,10.59,10.64,10.58,10.61,229085,2180823.0
2020-10-28,mutual_fund,10.59,10.75,10.57,10.73,710953,6856311.0
2020-10-29,mutual_fund,10.72,10.72,10.63,10.63,666812,6493427.0
2020-11-01,mutual_fund,10.62,10.63,10.57,10.63,468576,4516324.0
2020-11-02,mutual_fund,10.63,10.67,10.62,10.64,243922,2339655.0
2020-11-03,mutual_fund,10.65,10.98,10.65,10.91,1932346,18951066.0
2020-11-04,mutual_fund,10.82,10.91,10.8,10.91,495086,4915902.0
2020-11-05,mutual_fund,10.93,10.95,10.88,10.89,639793,6301520.0
2020-11-08,mutual_fund,10.91,11.07,10.91,11.05,1003302,9947470.0
2020-11-09,mutual_fund,11.04,11.04,10.95,11.0,1089145,10851206.0
2020-11-10,mutual_fund,11.01,11.01,10.89,10.98,374077,3700885.0
2020-11-11,mutual_fund,10.97,11.53,10.97,11.53,4435290,45940771.0
2020-11-12,mutual_fund,11.53,11.57,11.46,11.55,3829002,40092666.0
2020-11-18,mutual_fund,11.57,11.75,11.56,11.7,2041342,21902378.0
2020-11-19,mutual_fund,11.7,11.79,11.69,11.78,1719020,18494043.0
2020-11-22,mutual_fund,11.78,11.78,11.48,11.51,2471531,25936821.0
2020-11-23,mutual_fund,11.51,11.51,11.32,11.34,1990749,20677757.0
2020-11-24,mutual_fund,11.34,11.47,11.27,11.44,1144527,12071009.0
2020-11-25,mutual_fund,11.43,11.6,11.4,11.6,4452642,48215625.0
2020-11-26,mutual_fund,11.58,11.68,11.44,11.67,1811019,19086102.0
2020-11-29,mutual_fund,11.68,11.79,11.58,11.72,5260719,56027993.0
2020-11-30,mutual_fund,11.73,11.75,11.51,11.6,5937639,60912843.0
2020-12-01,mutual_fund,11.6,11.6,11.37,11.42,4345861,44398595.0
2020-12-02,mutual_fund,11.42,11.49,11.4,11.46,2461220,26343453.0
2020-12-03,mutual_fund,11.46,11.51,11.38,11.41,2773762,28295703.0
2020-12-06,mutual_fund,11.41,11.41,11.21,11.21,3733612,42036796.0
2020-12-07,mutual_fund,11.21,11.29,11.12,11.29,748836,7691917.0
2020-12-08,mutual_fund,11.28,11.39,11.19,11.38,1495789,15647177.0
2020-12-09,mutual_fund,11.37,11.37,11.22,11.22,1086828,11513158.0
2020-12-10,mutual_fund,11.22,11.26,11.12,11.23,1016341,10634224.0
2020-12-13,mutual_fund,11.23,11.37,11.23,11.35,838121,8640513.0
2020-12-14,mutual_fund,11.35,11.51,11.27,11.5,2050975,21582651.0
2020-12-15,mutual_fund,11.5,11.5,11.37,11.43,500177,5174511.0
2020-12-16,mutual_fund,11.42,11.43,11.36,11.43,1859684,19579747.0
2020-12-17,mutual_fund,11.43,11.43,11.28,11.37,3330150,34469072.0
2020-12-20,mutual_fund,11.38,11.38,11.25,11.25,874467,8900367.0
2020-12-21,mutual_fund,11.25,11.25,11.13,11.23,1628289,16775300.0
2020-12-22,mutual_fund,11.22,11.34,11.2,11.31,805114,8280657.0
2020-12-23,mutual_fund,11.31,11.39,11.29,11.38,1313809,13583652.0
2020-12-24,mutual_fund,11.39,11.4,11.29,11.36,941075,9604700.0
2020-12-27,mutual_fund,11.35,11.38,11.25,11.31,1196389,12575087.0
2020-12-28,mutual_fund,11.3,11.34,11.25,11.34,1111397,11729406.0
2020-12-29,mutual_fund,11.33,11.43,11.3,11.33,878731,9141387.0
2020-12-30,mutual_fund,11.31,11.52,11.3,11.51,2299419,24472934.0
2020-12-31,mutual_fund,11.51,11.61,11.42,11.51,1959908,20727884.0
2021-01-03,mutual_fund,11.51,11.56,11.48,11.54,2253668,23954263.0
2021-01-04,mutual_fund,11.53,11.58,11.5,11.54,1158478,12357240.0
2021-01-05,mutual_fund,11.54,11.56,11.44,11.51,2733960,29587389.0
2021-01-06,mutual_fund,11.5,11.62,11.5,11.6,1761176,18758498.0
2021-01-07,mutual_fund,11.59,11.65,11.56,11.61,1239027,13407143.0
2021-01-10,mutual_fund,11.6,11.69,11.52,11.69,1593246,16743974.0
2021-01-11,mutual_fund,11.68,11.81,11.64,11.73,1976862,21071804.0
2021-01-12,mutual_fund,11.72,11.83,11.66,11.83,4221807,45232182.0
2021-01-13,mutual_fund,11.84,11.93,11.84,11.9,2556908,27495432.0
2021-01-17,mutual_fund,11.9,12.02,11.85,11.98,2828130,31008964.0
2021-01-18,mutual_fund,12.01,12.24,12.01,12.24,3905762,44275787.0
2021-01-19,mutual_fund,12.23,12.27,12.15,12.21,3539829,39039439.0
2021-01-20,mutual_fund,12.2,12.23,12.07,12.23,4246064,51186719.0
2021-01-21,mutual_fund,12.23,12.23,12.08,12.17,3977688,43872412.0
2021-01-24,mutual_fund,12.21,12.23,12.1,12.22,3035957,33457302.0
2021-01-25,mutual_fund,12.22,12.27,12.13,12.27,3121296,34724389.0
2021-01-26,mutual_fund,12.3,12.31,12.18,12.24,5812497,68580823.0
2021-01-27,mutual_fund,12.38,12.42,12.17,12.28,1839704,20399480.0
2021-01-28,mutual_fund,12.28,12.29,12.05,12.06,6803479,77129698.0
2021-01-31,mutual_fund,12.07,12.07,11.99,12.01,2269420,25414797.0
2021-02-01,mutual_fund,12.0,12.02,11.89,12.0,1284810,14486873.0
2021-02-02,mutual_fund,12.0,12.1,11.96,12.03,1927531,21484329.0
2021-02-03,mutual_fund,12.03,12.18,12.0,12.08,4738706,52504650.0
2021-02-04,mutual_fund,12.07,12.07,11.94,12.07,5721897,61356612.0
2021-02-07,mutual_fund,12.05,12.09,11.97,12.03,2141977,23901662.0
2021-02-08,mutual_fund,12.03,12.16,11.94,12.15,2398348,27606645.0
2021-02-09,mutual_fund,12.11,12.16,12.1,12.13,2835285,33107499.0
2021-02-10,mutual_fund,12.13,12.13,12.02,12.09,924491,10443237.0
2021-02-11,mutual_fund,12.09,12.17,12.02,12.12,1040528,11740130.0
2021-02-14,mutual_fund,12.15,12.34,12.13,12.25,3641123,40996428.0
2021-02-15,mutual_fund,12.26,12.47,12.16,12.43,7516328,86690710.0
2021-02-16,mutual_fund,12.41,12.54,12.38,12.54,1304447,15141253.0
2021-02-17,mutual_fund,12.55,12.62,12.45,12.61,3379452,40004618.0
2021-02-18,mutual_fund,12.63,12.79,12.58,12.75,3068733,35991879.0
2021-02-21,mutual_fund,12.73,13.57,12.73,13.57,7211068,85591810.0
2021-02-22,mutual_fund,13.57,13.85,13.48,13.54,5585102,70704086.0
2021-02-23,mutual_fund,13.53,13.59,13.25,13.38,2908988,36330644.0
2021-02-24,mutual_fund,13.37,13.63,13.31,13.52,4751850,56568814.0
2021-02-25,mutual_fund,13.54,13.74,13.46,13.49,4217829,52064940.0
2021-02-28,mutual_fund,13.49,13.49,13.25,13.25,2777517,33252948.0
2021-03-01,mutual_fund,13.24,13.3,13.1,13.28,1696616,20413574.0
2021-03-02,mutual_fund,13.36,13.38,13.02,13.07,2497191,30185999.0
2021-03-03,mutual_fund,13.08,13.14,12.87,12.94,1040353,12568177.0
2021-03-04,mutual_fund,12.95,13.02,12.92,12.97,6528505,81150165.0
2021-03-07,mutual_fund,12.96,13.0,12.88,12.95,2774043,34178214.0
2021-03-09,mutual_fund,12.94,12.98,12.88,12.96,4206749,57242863.0
2021-03-10,mutual_fund,12.97,12.97,12.88,12.93,717624,8622542.0
2021-03-14,mutual_fund,12.91,12.92,12.73,12.73,1058757,12877600.0
2021-03-15,mutual_fund,12.72,12.86,12.7,12.74,1677196,20502787.0
2021-03-16,mutual_fund,12.75,12.83,12.71,12.73,2140077,23990970.0
2021-03-17,mutual_fund,12.73,12.83,12.69,12.83,1678598,19640774.0
2021-03-18,mutual_fund,12.83,12.95,12.82,12.89,2225272,26721627.0
2021-03-21,mutual_fund,12.87,13.05,12.81,13.05,2600931,31307550.0
2021-03-22,mutual_fund,13.02,13.07,12.83,13.0,2375980,28550939.0
2021-03-23,mutual_fund,12.99,13.02,12.89,13.02,1217524,14513420.0
2021-03-24,mutual_fund,13.01,13.27,12.98,13.27,4646904,57808413.0
2021-03-25,mutual_fund,13.26,13.26,13.05,13.17,1627397,20447287.0
2021-03-29,mutual_fund,13.17,13.26,13.07,13.11,2142204,27281942.0
2021-03-30,mutual_fund,13.1,13.29,13.09,13.29,2726266,35307520.0
2021-03-31,mutual_fund,13.35,13.41,13.26,13.4,1398459,17306052.0
2021-04-01,mutual_fund,13.4,13.4,13.26,13.37,1475988,18757365.0
2021-04-04,mutual_fund,13.36,13.39,13.25,13.26,3733128,43957132.0
2021-04-05,mutual_fund,13.26,13.32,13.14,13.31,4694157,68593829.0
2021-04-06,mutual_fund,13.3,13.52,13.28,13.33,2366608,29020074.0
2021-04-07,mutual_fund,13.3,13.43,13.22,13.37,2702083,31921840.0
2021-04-08,mutual_fund,13.38,13.39,13.3,13.39,2057838,24330257.0
2021-04-12,mutual_fund,13.33,13.44,13.31,13.41,1312573,15926536.0
2021-04-13,mutual_fund,13.4,13.47,13.33,13.47,1317128,16298690.0
2021-04-15,mutual_fund,13.47,13.52,13.34,13.52,1935323,24821819.0
2021-04-18,mutual_fund,13.52,13.62,13.47,13.58,2998043,38849185.0
2021-04-19,mutual_fund,13.57,13.59,13.48,13.5,2284707,29848571.0
2021-04-20,mutual_fund,13.48,13.51,13.38,13.46,1599907,21838799.0
2021-04-21,mutual_fund,13.46,13.48,13.37,13.47,1835532,24655063.0
2021-04-22,mutual_fund,13.47,13.47,13.36,13.41,1156068,14596042.0
2021-04-25,mutual_fund,13.4,13.4,13.31,13.32,1885451,23284146.0
2021-04-26,mutual_fund,13.32,13.4,13.2,13.21,1345395,16640054.0
2021-04-27,mutual_fund,13.21,13.39,13.11,13.39,1532776,18966849.0
2021-04-28,mutual_fund,13.39,13.42,13.35,13.38,1758686,22849669.0
2021-04-29,mutual_fund,13.38,13.41,13.33,13.4,1675380,21591438.0
2021-05-02,mutual_fund,13.38,13.46,13.35,13.44,3671281,45134957.0
2021-05-03,mutual_fund,13.48,13.48,13.41,13.44,3231330,41159978.0
2021-05-04,mutual_fund,13.44,13.46,13.32,13.45,2019413,25155838.0
2021-05-05,mutual_fund,13.45,13.49,13.28,13.44,2838850,34940857.0
2021-05-06,mutual_fund,13.43,13.43,13.3,13.36,2377362,27726534.0
2021-05-09,mutual_fund,13.38,13.39,13.3,13.34,1030191,12380913.0
2021-05-10,mutual_fund,13.34,13.39,13.31,13.39,1045274,13112709.0
2021-05-11,mutual_fund,13.39,13.42,13.33,13.42,1372299,16871505.0
2021-05-12,mutual_fund,13.41,13.48,13.36,13.48,3735058,44646500.0
2021-05-13,mutual_fund,13.48,13.61,13.42,13.57,6333350,79599868.0
2021-05-16,mutual_fund,13.57,13.63,13.49,13.61,2627003,33282665.0
2021-05-17,mutual_fund,13.6,13.7,13.58,13.7,1846474,24346194.0
2021-05-18,mutual_fund,13.7,13.76,13.69,13.75,2125505,27779625.0
2021-05-19,mutual_fund,13.76,13.83,13.76,13.83,2740731,36134153.0
2021-05-20,mutual_fund,13.83,13.86,13.72,13.83,1625123,21536155.0
2021-05-23,mutual_fund,13.82,13.93,13.79,13.93,1967632,26335342.0
2021-05-24,mutual_fund,13.96,14.03,13.96,14.02,2222642,29576460.0
2021-05-25,mutual_fund,14.03,14.07,14.0,14.04,3579749,48602396.0
2021-05-27,mutual_fund,14.05,14.13,13.95,14.13,16331887,218171763.0
2021-05-30,mutual_fund,14.14,14.67,14.14,14.67,9585802,142977318.0
2021-05-31,mutual_fund,14.69,14.86,14.62,14.71,4866811,68005327.0
2021-06-01,mutual_fund,14.69,14.8,14.65,14.7,4522272,63036110.0
2021-06-02,mutual_fund,14.74,14.74,14.63,14.71,3324987,46410590.0
2021-06-03,mutual_fund,14.72,14.91,14.7,14.91,4100680,56020032.0
2021-06-06,mutual_fund,14.82,15.15,14.82,15.15,5166480,72581368.0
2021-06-07,mutual_fund,15.19,15.31,15.18,15.25,5007678,71277440.0
2021-06-08,mutual_fund,15.25,15.6,15.23,15.59,7010894,103073392.0
2021-06-09,mutual_fund,15.63,15.65,15.51,15.6,3777660,54156488.0
2021-06-10,mutual_fund,15.59,15.84,15.58,15.72,2819980,39293521.0
2021-06-13,mutual_fund,15.78,15.79,15.57,15.62,3687752,56586333.0
2021-06-14,mutual_fund,15.62,15.63,15.57,15.61,3075577,43975622.0
2021-06-15,mutual_fund,15.7,15.73,15.58,15.66,3911991,57288344.0
2021-06-16,mutual_fund,15.65,15.71,15.6,15.63,2847489,40581438.0
2021-06-17,mutual_fund,15.66,15.67,15.48,15.6,2210881,31570746.0
2021-06-20,mutual_fund,15.59,15.66,15.4,15.4,8521681,129243654.0
2021-06-21,mutual_fund,15.39,15.39,15.12,15.19,3935724,57069455.0
2021-06-22,mutual_fund,15.19,15.4,15.11,15.4,2515118,36546638.0
2021-06-23,mutual_fund,15.38,15.41,15.25,15.26,6048623,89387537.0
2021-06-24,mutual_fund,15.32,15.32,15.22,15.3,1751362,27320041.0
2021-06-27,mutual_fund,15.31,15.39,15.16,15.38,7599666,119161064.0
2021-06-28,mutual_fund,15.38,15.45,15.35,15.4,7171053,103437726.0
2021-06-29,mutual_fund,15.39,15.41,15.32,15.33,2475637,34830924.0
2021-06-30,mutual_fund,15.32,15.32,15.11,15.24,5971088,81134941.0
2021-07-01,mutual_fund,15.24,15.39,15.2,15.39,21395432,284219715.0
2021-07-04,mutual_fund,15.37,15.42,15.33,15.4,2121447,31958082.0
2021-07-05,mutual_fund,15.41,15.5,15.31,15.46,2599802,39376593.0
2021-07-06,mutual_fund,15.44,15.48,15.28,15.44,3627478,54518398.0
2021-07-07,mutual_fund,15.44,15.44,15.28,15.43,4805684,67872097.0
2021-07-08,mutual_fund,15.42,15.45,15.37,15.45,4920714,69345054.0
2021-07-11,mutual_fund,15.48,15.59,15.43,15.59,18371563,264642679.0
2021-07-12,mutual_fund,15.59,15.75,15.49,15.62,9551902,142628301.0
2021-07-13,mutual_fund,15.61,15.64,15.57,15.63,3152225,45537554.0
2021-07-14,mutual_fund,15.62,15.68,15.54,15.68,36680487,540895977.0
2021-07-15,mutual_fund,15.62,15.76,15.45,15.75,46075445,672293740.0
2021-07-18,mutual_fund,15.77,16.28,15.77,16.28,9494383,144086578.0
2021-07-19,mutual_fund,16.28,16.48,16.26,16.37,18553645,298722140.0
2021-07-20,mutual_fund,16.39,17.45,16.39,17.4,18829343,297983719.0
2021-07-22,mutual_fund,17.51,18.46,17.51,18.32,37882953,647701572.0
2021-07-25,mutual_fund,18.44,18.63,18.0,18.08,19185593,340267799.0
2021-07-26,mutual_fund,18.12,18.12,17.7,17.82,14327911,238774231.0
2021-07-27,mutual_fund,17.78,18.03,17.59,17.95,8325420,141098381.0
2021-07-28,mutual_fund,17.98,17.99,17.89,17.94,7502472,126439158.0
2021-07-29,mutual_fund,17.96,17.97,17.83,17.92,9411826,159396693.0
2021-08-01,mutual_fund,17.93,18.27,17.88,17.89,11297150,195124736.0
2021-08-02,mutual_fund,17.93,17.96,17.68,17.72,5881340,95600538.0
2021-08-03,mutual_fund,17.73,17.67,17.57,17.61,5984721,96447037.0
2021-08-04,mutual_fund,17.61,17.63,17.42,17.49,5567151,92367754.0
2021-08-05,mutual_fund,17.51,17.56,17.46,17.48,7329153,115881722.0
2021-08-08,mutual_fund,17.53,17.56,17.46,17.49,5487501,87840475.0
2021-08-09,mutual_fund,17.49,17.56,17.4,17.42,4126879,67741536.0
2021-08-10,mutual_fund,17.43,17.48,17.3,17.48,6318786,99800062.0
2021-08-11,mutual_fund,17.43,17.5,17.36,17.38,4290933,71404225.0
2021-08-12,mutual_fund,17.34,17.46,17.33,17.45,10928793,181793623.0
2021-08-15,mutual_fund,17.47,17.47,17.21,17.32,4813767,77077837.0
2021-08-16,mutual_fund,17.33,17.49,17.23,17.3,6012277,96009065.0
2021-08-17,mutual_fund,17.3,17.32,17.04,17.15,5192565,81330075.0
2021-08-18,mutual_fund,17.17,17.17,16.91,16.91,7052448,110783976.0
2021-08-19,mutual_fund,16.92,17.08,16.81,16.81,3611958,53702967.0
2021-08-24,mutual_fund,16.8,16.82,16.52,16.8,3164370,51364369.0
2021-08-25,mutual_fund,16.83,16.85,16.63,16.64,2773523,41816830.0
2021-08-26,mutual_fund,16.66,16.68,16.49,16.58,2982084,44497822.0
2021-08-29,mutual_fund,16.57,16.68,16.42,16.51,4249781,61495283.0
2021-08-31,mutual_fund,16.52,16.52,16.39,16.4,5258184,80231917.0
2021-09-01,mutual_fund,16.4,16.46,16.32,16.34,3826116,55963239.0
2021-09-02,mutual_fund,16.4,16.46,16.32,16.34,3826116,55963239.0
2021-09-05,mutual_fund,16.2,16.2,15.78,15.9,5904010,84514747.0
2021-09-06,mutual_fund,15.89,16.07,15.84,16.07,3183744,45008244.0
2021-09-07,mutual_fund,16.09,16.17,16.0,16.16,3874058,53242444.0
2021-09-08,mutual_fund,16.18,16.27,16.01,16.07,6507547,98214655.0
2021-09-09,mutual_fund,16.08,16.12,15.87,15.91,3541530,51557741.0
2021-09-12,mutual_fund,15.92,15.94,15.84,15.87,3364402,45593576.0
2021-09-13,mutual_fund,15.88,15.92,15.84,15.87,2059599,28486313.0
2021-09-14,mutual_fund,15.88,15.96,15.78,15.83,2830991,36311297.0
2021-09-15,mutual_fund,15.83,15.85,15.77,15.79,2563473,34157759.0
2021-09-16,mutual_fund,15.77,15.77,15.48,15.55,2417180,32424176.0
2021-09-20,mutual_fund,15.56,15.56,14.93,15.07,3541650,45479483.0
2021-09-21,mutual_fund,15.06,15.13,14.78,15.07,3217099,39034424.0
2021-09-22,mutual_fund,15.06,15.45,15.06,15.29,2369427,30894449.0
2021-09-23,mutual_fund,15.27,15.38,15.18,15.21,2722244,36240171.0
2021-09-26,mutual_fund,15.19,15.41,15.17,15.24,3460114,48239159.0
2021-09-27,mutual_fund,15.25,15.26,15.08,15.09,1918099,22078342.0
2021-09-28,mutual_fund,15.1,15.1,14.87,14.91,2976146,34500137.0
2021-09-29,mutual_fund,14.89,15.02,14.88,15.0,851381,9588313.0
2021-09-30,mutual_fund,14.99,15.14,14.96,15.03,967637,10546767.0
2021-10-03,mutual_fund,15.0,15.06,14.85,14.86,1707959,19019008.0
2021-10-04,mutual_fund,14.85,14.87,14.75,14.76,875459,10502462.0
2021-10-05,mutual_fund,14.76,14.95,14.7,14.89,910538,10208594.0
2021-10-06,mutual_fund,14.89,15.25,14.89,15.13,1302406,14426417.0
2021-10-10,mutual_fund,15.13,15.27,15.13,15.24,717741,8187927.0
2021-10-11,mutual_fund,15.25,15.32,15.21,15.29,3716803,65080935.0
2021-10-17,mutual_fund,15.31,15.37,15.14,15.18,2471152,42870177.0
2021-10-18,mutual_fund,15.17,15.18,14.95,14.98,3809019,52257384.0
2021-10-19,mutual_fund,14.96,14.96,14.76,14.8,2051971,30980907.0
2021-10-20,mutual_fund,14.81,15.04,14.81,15.02,1439194,17283971.0
2021-10-21,mutual_fund,15.02,15.19,14.97,15.08,1355675,17407121.0
2021-10-24,mutual_fund,15.1,15.23,15.08,15.22,800059,11290616.0
2021-10-25,mutual_fund,15.22,15.38,15.2,15.38,1013635,14045473.0
2021-10-26,mutual_fund,15.38,15.59,15.37,15.59,1388933,19046797.0
2021-10-27,mutual_fund,15.59,15.76,15.51,15.73,1281477,16451007.0
2021-10-28,mutual_fund,15.67,15.73,15.49,15.63,978500,12676017.0
2021-10-31,mutual_fund,15.63,15.87,15.6,15.89,1694490,23391600.0
2021-11-01,mutual_fund,15.89,15.89,15.74,15.77,1260157,16689501.0
2021-11-02,mutual_fund,15.79,15.86,15.73,15.78,962598,13283007.0
2021-11-03,mutual_fund,15.78,15.87,15.77,15.83,1030537,12999700.0
2021-11-08,mutual_fund,15.84,15.97,15.82,15.92,734660,9135503.0
2021-11-09,mutual_fund,15.92,15.92,15.58,15.59,1440344,18140488.0
2021-11-11,mutual_fund,15.59,15.63,15.49,15.51,1252817,18373185.0
2021-11-14,mutual_fund,15.51,15.52,15.4,15.45,845648,10271440.0
2021-11-15,mutual_fund,15.45,15.5,15.39,15.48,799959,9211261.0
2021-11-16,mutual_fund,15.46,15.61,15.44,15.61,945038,11931292.0
2021-11-17,mutual_fund,15.61,15.8,15.58,15.58,736743,9184469.0
2021-11-18,mutual_fund,15.58,15.59,15.51,15.53,693977,9334571.0
2021-11-21,mutual_fund,15.53,15.55,15.47,15.49,756872,10153461.0
2021-11-22,mutual_fund,15.49,15.57,15.48,15.55,1346809,23753121.0
2021-11-23,mutual_fund,15.55,15.59,15.45,15.48,651403,8772390.0
2021-11-24,mutual_fund,15.46,15.53,15.38,15.51,550535,6869488.0
2021-11-25,mutual_fund,15.5,15.54,15.45,15.51,1008475,15683481.0
2021-11-28,mutual_fund,15.51,15.51,15.22,15.28,2047905,26660566.0
2021-11-29,mutual_fund,15.28,15.35,15.16,15.3,1307305,16904294.0
2021-11-30,mutual_fund,15.3,15.33,15.27,15.31,1000184,13986425.0
2021-12-01,mutual_fund,15.31,15.38,15.28,15.32,812657,11446640.0
2021-12-02,mutual_fund,15.32,15.43,15.08,15.12,2300722,28688209.0
2021-12-05,mutual_fund,15.12,15.17,14.86,14.89,1536010,18755103.77
2021-12-06,mutual_fund,14.89,14.91,14.78,14.91,991299,14290306.86
2021-12-07,mutual_fund,14.92,15.05,14.89,15.03,2667949,47406934.55
2021-12-08,mutual_fund,15.04,15.08,14.9,14.92,1672176,17175882.19
2021-12-09,mutual_fund,14.91,14.95,14.82,14.93,966825,10054402.97
2021-12-12,mutual_fund,14.93,14.93,14.72,14.72,821742,8389497.42
2021-12-13,mutual_fund,14.72,14.72,14.44,14.48,1521589,15295320.37
2021-12-14,mutual_fund,14.48,14.72,14.46,14.72,326875,3349028.58
2021-12-15,mutual_fund,14.72,14.82,14.67,14.73,918638,9175889.33
2021-12-16,mutual_fund,14.73,14.82,14.63,14.81,543694,5443229.01
2021-12-20,mutual_fund,14.82,14.81,14.64,14.68,818717,8201878.29
2021-12-21,mutual_fund,14.69,14.82,14.61,14.8,447010,4401274.83
2021-12-22,mutual_fund,14.81,14.87,14.77,14.87,478439,4599975.86
2021-12-23,mutual_fund,14.88,14.95,14.77,14.88,810227,8096469.08
2021-12-26,mutual_fund,14.88,15.0,14.88,14.99,715951,7421824.88
2021-12-27,mutual_fund,14.98,15.0,14.83,14.98,1077219,11178964.26
2021-12-28,mutual_fund,14.98,14.99,14.89,14.91,628467,6766066.22
2021-12-29,mutual_fund,14.91,14.96,14.88,14.93,591854,5680860.36
2022-01-02,mutual_fund,14.92,14.95,14.84,14.87,650632,6798366.44
2022-01-03,mutual_fund,14.88,15.09,14.85,15.05,689858,7003888.98
2022-01-04,mutual_fund,15.05,15.31,14.97,15.31,895411,9586509.78
2022-01-05,mutual_fund,15.3,15.31,15.12,15.16,704214,7410842.51
2022-01-06,mutual_fund,15.15,15.38,15.13,15.26,502457,5549271.49
2022-01-09,mutual_fund,15.26,15.65,15.25,15.47,1856422,20112547.11
2022-01-10,mutual_fund,15.47,15.69,15.46,15.69,1651399,18237797.33
2022-01-11,mutual_fund,15.7,15.88,15.67,15.78,1301197,14504205.21
2022-01-12,mutual_fund,15.79,15.86,15.73,15.73,2380106,26626887.66
2022-01-13,mutual_fund,15.74,15.89,15.69,15.89,666685,7222658.16
2022-01-16,mutual_fund,15.89,16.14,15.86,16.14,2277481,25539466.14
2022-01-17,mutual_fund,16.15,16.35,16.01,16.35,1592243,17758349.49
2022-01-18,mutual_fund,16.35,16.68,16.3,16.54,1609886,19201914.91
2022-01-19,mutual_fund,16.55,16.54,16.28,16.33,1532883,18169500.81
2022-01-20,mutual_fund,16.34,16.34,16.24,16.31,6693926,80374566.38
2022-01-23,mutual_fund,16.32,16.41,16.23,16.41,3160828,37733252.63
2022-01-24,mutual_fund,16.41,16.42,15.95,16.05,2006217,23341212.85
2022-01-25,mutual_fund,16.05,16.1,16.0,16.03,1024673,11568595.52
2022-01-26,mutual_fund,16.04,16.03,15.77,15.85,1902341,22314760.47
2022-01-27,mutual_fund,15.86,16.04,15.72,15.76,1188290,13408737.32
2022-01-30,mutual_fund,15.76,16.1,15.75,16.04,1404885,15676400.07
2022-01-31,mutual_fund,16.05,16.04,15.83,15.92,1501795,17376932.64
2022-02-01,mutual_fund,15.93,16.16,15.84,16.16,926102,10739755.61
2022-02-03,mutual_fund,15.93,16.19,16.03,16.05,1497476,18202998.21
2022-02-06,mutual_fund,16.07,16.06,15.9,15.99,1016859,11273095.27
2022-02-07,mutual_fund,16.0,16.07,15.94,16.04,870364,9674572.22
2022-02-08,mutual_fund,16.04,16.14,16.03,16.11,1316083,14459267.74
2022-02-09,mutual_fund,16.12,16.11,15.94,15.99,826595,9584964.43
2022-02-10,mutual_fund,15.99,16.03,15.94,16.0,749009,8383083.02
2022-02-13,mutual_fund,16.0,16.0,15.69,15.85,922033,10217955.19
2022-02-14,mutual_fund,15.85,15.95,15.78,15.8,823156,8993957.1
2022-02-15,mutual_fund,15.82,15.84,15.74,15.84,552806,6202015.48
2022-02-16,mutual_fund,15.84,15.84,15.75,15.76,584219,6920156.74
2022-02-17,mutual_fund,15.77,15.89,15.75,15.79,466397,4995548.26
2022-02-20,mutual_fund,15.79,15.79,15.57,15.61,824133,9095439.12
2022-02-21,mutual_fund,15.61,15.68,15.59,15.65,344859,3721459.81
2022-02-22,mutual_fund,15.65,15.71,15.63,15.71,640082,7050091.52
2022-02-23,mutual_fund,15.71,15.84,15.63,15.84,565727,6460084.19
2022-02-24,mutual_fund,15.84,15.84,15.57,15.64,988960,10635463.74
2022-02-27,mutual_fund,15.64,15.71,15.55,15.58,991178,9694345.81
2022-02-28,mutual_fund,15.58,15.59,15.45,15.56,1053011,11247662.96
2022-03-02,mutual_fund,15.56,15.56,15.33,15.33,870867,9834928.58
2022-03-06,mutual_fund,15.34,15.38,15.28,15.3,497475,5350411.82
2022-03-07,mutual_fund,15.3,15.32,15.24,15.24,588730,6291949.52
2022-03-09,mutual_fund,15.24,15.25,15.16,15.2,486916,5065066.39
2022-03-10,mutual_fund,15.21,15.43,15.15,15.42,226105,2291326.16
2022-03-13,mutual_fund,15.43,15.65,15.32,15.6,626999,6949244.23
2022-03-14,mutual_fund,15.6,15.6,15.52,15.52,130907,1399803.2
2022-03-15,mutual_fund,15.53,15.62,15.46,15.62,740799,8284111.56
2022-03-16,mutual_fund,15.62,15.62,15.55,15.62,345610,3659332.09
2022-03-20,mutual_fund,15.62,15.62,15.44,15.49,293786,3117070.82
2022-03-21,mutual_fund,15.49,15.65,15.46,15.58,488690,5394257.85
2022-03-22,mutual_fund,15.58,15.79,15.58,15.78,755341,8131441.94
2022-03-23,mutual_fund,15.79,15.88,15.75,15.82,441771,4885883.54
2022-03-24,mutual_fund,15.81,15.81,15.67,15.74,469280,5117553.15
2022-03-27,mutual_fund,15.75,15.74,15.61,15.61,550004,5580783.33
2022-03-28,mutual_fund,15.62,15.61,15.48,15.54,466218,5130487.93
2022-03-29,mutual_fund,15.54,15.54,15.44,15.5,623661,6877431.3
2022-03-30,mutual_fund,15.49,15.7,15.45,15.7,346126,3697970.79
2022-03-31,mutual_fund,15.7,15.7,15.56,15.6,454499,4861726.4
2022-04-03,mutual_fund,15.61,15.67,15.58,15.6,475403,5221774.68
2022-04-04,mutual_fund,15.61,15.6,15.49,15.59,386484,4249982.52
2022-04-05,mutual_fund,15.59,15.59,15.28,15.3,555205,6041178.52
2022-04-06,mutual_fund,15.31,15.32,15.24,15.32,516091,5617565.33
2022-04-07,mutual_fund,15.33,15.45,15.28,15.43,1006364,11054570.63
2022-04-11,mutual_fund,15.44,15.44,15.3,15.32,736082,7590959.29
2022-04-12,mutual_fund,15.33,15.33,15.13,15.13,538521,5757632.71
2022-04-13,mutual_fund,15.14,15.2,15.08,15.2,323305,3361158.75
2022-04-17,mutual_fund,15.2,15.21,15.15,15.15,321713,3328151.42
2022-04-18,mutual_fund,15.16,15.15,15.03,15.04,382013,3890569.32
2022-04-19,mutual_fund,15.05,15.13,14.96,15.12,285605,2997604.9
2022-04-20,mutual_fund,15.11,15.13,15.02,15.04,477748,5103284.87
2022-04-21,mutual_fund,15.05,15.04,14.85,15.0,566445,5881913.8
2022-04-24,mutual_fund,15.0,15.31,14.99,15.31,589872,6254390.85
2022-04-25,mutual_fund,15.31,15.46,15.27,15.43,644759,6478500.7
2022-04-26,mutual_fund,15.44,15.68,15.39,15.68,1092334,11785361.01
2022-04-27,mutual_fund,15.44,15.68,15.38,15.58,544575,5882783.13
2022-04-28,mutual_fund,15.55,15.69,15.52,15.56,1343738,15425321.12
2022-05-02,mutual_fund,15.56,15.56,15.33,15.46,808823,8766678.78
2022-05-04,mutual_fund,15.56,15.46,15.34,15.39,695232,7953423.13
2022-05-05,mutual_fund,15.39,15.39,15.21,15.26,733535,7980280.04
2022-05-08,mutual_fund,15.26,15.33,15.14,15.33,322945,3486712.7
2022-05-09,mutual_fund,15.33,15.45,15.31,15.41,254891,2639891.94
2022-05-10,mutual_fund,15.42,15.47,15.37,15.47,251708,2505491.25
2022-05-11,mutual_fund,15.47,15.59,15.44,15.59,473425,4977161.48
2022-05-12,mutual_fund,15.6,15.64,15.41,15.41,392946,3994252.97
2022-05-17,mutual_fund,15.42,15.42,15.1,15.17,179793,1987160.36
2022-05-18,mutual_fund,15.17,15.17,15.04,15.13,276776,2907997.91
2022-05-19,mutual_fund,15.13,15.24,15.08,15.24,282716,3120835.74
2022-05-20,mutual_fund,15.25,15.32,15.1,15.31,418359,4569710.74
2022-05-23,mutual_fund,15.32,15.31,15.11,15.17,962019,10748628.6
2022-05-24,mutual_fund,15.1786,15.2003,15.1166,15.1405,685345,7786882.58
2022-05-25,mutual_fund,15.1405,15.2777,15.1136,15.2127,342334,3897139.46
2022-05-26,mutual_fund,15.2127,15.342,15.1954,15.342,193042,1918229.5
2022-05-27,mutual_fund,15.3334,15.342,15.2695,15.3363,525550,5617954.57
2022-05-30,mutual_fund,15.3363,15.3443,14.9781,15.0131,266581,2993793.72
2022-05-31,mutual_fund,15.0131,15.0868,14.9368,15.0801,757184,8652591.73
2022-06-01,mutual_fund,15.0801,15.0959,14.9042,15.0256,469901,4982213.75
2022-06-02,mutual_fund,15.017,15.0657,14.9414,15.0463,798354,9141000.81
2022-06-03,mutual_fund,15.0463,15.0559,14.7848,14.7848,706101,7598385.61
2022-06-06,mutual_fund,14.7767,14.8891,14.7649,14.8243,1464242,15739584.18
2022-06-07,mutual_fund,14.8168,14.8269,14.6829,14.6829,522768,5567594.2
2022-06-08,mutual_fund,14.6829,14.8546,14.6014,14.8546,710995,7773049.35
2022-06-09,mutual_fund,14.8546,14.9711,14.7363,14.7912,530586,6110771.42
2022-06-10,mutual_fund,14.8546,14.9711,14.7363,14.7912,530586,6110771.42
2022-06-13,mutual_fund,14.7448,14.8098,14.6534,14.6663,262093,2531425.14
2022-06-14,mutual_fund,14.6663,14.6738,14.4869,14.526,1221906,13935850.99
2022-06-15,mutual_fund,14.526,14.5298,14.3071,14.4004,422751,3885598.51
2022-06-16,mutual_fund,14.4004,14.5038,14.3718,14.5017,292911,2687069.33
2022-06-17,mutual_fund,14.5017,14.5307,14.4423,14.5078,145425,1539495.19
2022-06-19,mutual_fund,14.5009,14.5009,14.0578,14.0578,570964,5750726.01
2022-06-20,mutual_fund,14.0578,14.0578,13.6382,13.7706,1013268,9569510.32
2022-06-21,mutual_fund,13.7706,14.2094,13.7207,14.1829,560913,5781530.47
2022-06-22,mutual_fund,14.1829,14.1829,14.0268,14.0623,629938,6018671.83
2022-06-23,mutual_fund,14.0554,14.0554,13.7744,13.8127,379450,3587257.29
2022-06-24,mutual_fund,13.8127,13.8153,13.6917,13.7205,170620,1680261.69
2022-06-26,mutual_fund,13.7205,14.2218,13.7075,14.2218,469156,4733726.63
2022-06-27,mutual_fund,14.2218,14.2368,14.036,14.0365,635114,6370837.36
2022-06-28,mutual_fund,14.0365,14.061,13.9189,13.9746,550087,6062157.02
2022-06-29,mutual_fund,13.9746,14.3859,13.952,14.365,629170,6799055.99
2022-06-30,mutual_fund,14.365,14.7736,14.279,14.7492,1287088,13417562.74
2022-07-01,mutual_fund,14.7492,14.7728,14.6302,14.6615,283839,3041438.74
2022-07-03,mutual_fund,14.6615,14.7482,14.6084,14.7261,388718,4122317.9
2022-07-04,mutual_fund,14.7261,14.9778,14.707,14.7345,1377483,15154027.19
2022-07-05,mutual_fund,14.7345,14.7525,14.5195,14.5571,483848,4934242.75
2022-07-06,mutual_fund,14.5571,14.5571,14.419,14.4759,971815,9921548.91
2022-07-07,mutual_fund,14.4759,14.6457,14.4253,14.5708,365444,3803716.19
2022-07-08,mutual_fund,14.4759,14.6457,14.4253,14.5708,365444,3803716.19
2022-07-11,mutual_fund,14.4256,14.4364,14.0591,14.0639,689786,7003043.33
2022-07-12,mutual_fund,14.0639,14.2226,14.0639,14.0886,683910,6457935.68
2022-07-13,mutual_fund,14.0886,14.6777,14.065,14.6777,501261,5310920.97
2022-07-14,mutual_fund,14.6777,14.7928,14.5508,14.7857,564154,5986321.49
2022-07-15,mutual_fund,14.7857,15.0058,14.7857,15.0058,625690,6273257.71
2022-07-17,mutual_fund,15.0058,15.0353,14.8994,14.9739,210229,2134471.27
2022-07-18,mutual_fund,14.9739,14.9814,14.8209,14.9329,271606,2750332.32
2022-07-19,mutual_fund,14.9311,15.0188,14.884,14.9465,664450,6852493.58
2022-07-20,mutual_fund,14.9465,14.9643,14.8576,14.9643,458062,4410173.05
2022-07-21,mutual_fund,14.9643,14.9643,14.8606,14.8991,397754,3792375.9
2022-07-22,mutual_fund,14.8991,14.8991,14.7247,14.7252,126453,1312727.42
2022-07-24,mutual_fund,14.7252,14.9028,14.676,14.8953,243435,2376110.02
2022-07-25,mutual_fund,14.8953,15.0127,14.8213,14.9968,627444,6314062.57
2022-07-26,mutual_fund,14.9968,15.0009,14.8118,14.8172,302570,3079458.22
2022-07-27,mutual_fund,14.8172,14.8493,14.6456,14.8493,292530,2957613.59
2022-07-28,mutual_fund,14.8493,14.9868,14.7275,14.9181,685197,7175512.59
2022-07-29,mutual_fund,14.9181,14.9993,14.763,14.7951,200062,2052592.18
2022-07-31,mutual_fund,14.7951,14.9232,14.7124,14.9093,705490,7145349.31
2022-08-01,mutual_fund,14.9093,14.9758,14.7712,14.8536,386697,4011745.3
2022-08-02,mutual_fund,14.8536,14.9323,14.7861,14.887,1188928,12284389.91
2022-08-03,mutual_fund,14.887,15.0293,14.8364,14.9195,326076,3341417.86
2022-08-04,mutual_fund,14.9195,14.9195,14.6616,14.7521,398191,4021279.01
2022-08-05,mutual_fund,14.7994,15.0336,14.7994,14.8827,888972,10219169.35
2022-08-07,mutual_fund,14.8827,14.9106,14.7528,14.8852,578284,6443553.56
2022-08-08,mutual_fund,14.8852,14.9508,14.8602,14.9249,485670,5202773.3
2022-08-09,mutual_fund,14.9249,14.9617,14.7597,14.7836,642922,6540442.32
2022-08-10,mutual_fund,14.7836,14.8068,14.6859,14.6884,335261,3260707.25
2022-08-11,mutual_fund,14.6884,14.7562,14.6584,14.7562,2579064,22984255.26
2022-08-14,mutual_fund,14.7562,14.7747,14.5934,14.6387,545100,5470440.26
2022-08-15,mutual_fund,14.6387,14.7306,14.5906,14.7306,731377,8113607.05
2022-08-16,mutual_fund,14.7306,14.9282,14.5417,14.5983,440088,4344211.96
2022-08-17,mutual_fund,14.5983,14.6623,14.2878,14.656,374087,3465248.95
2022-08-18,mutual_fund,14.656,14.7623,14.6084,14.7178,319682,3091600.25
2022-08-21,mutual_fund,14.7178,14.723,14.5768,14.626,749439,6868482.13
2022-08-22,mutual_fund,14.626,14.6657,14.4966,14.655,707130,6867619.09
2022-08-23,mutual_fund,14.655,14.6848,14.4983,14.5812,595987,5387265.91
2022-08-24,mutual_fund,14.5812,14.6137,14.4776,14.5378,168685,1628915.16
2022-08-25,mutual_fund,14.5378,14.5616,14.4508,14.454,430191,3995772.53
2022-08-26,mutual_fund,14.4453,14.5246,14.4025,14.4393,358615,3513873.97
2022-08-28,mutual_fund,14.4393,14.5164,14.3454,14.5156,966340,9026036.01
2022-08-29,mutual_fund,14.5156,14.5156,14.3155,14.3532,331893,2958498.92
2022-08-30,mutual_fund,14.3532,14.4006,14.2926,14.3699,473035,4420007.89
2022-08-31,mutual_fund,14.3699,14.3957,14.2687,14.2687,348955,3237536.03
2022-09-01,mutual_fund,14.2687,14.3089,14.1558,14.2601,530068,4598902.34
2022-09-02,mutual_fund,14.2601,14.2634,14.1754,14.2397,140672,1257907.53
2022-09-04,mutual_fund,14.2397,14.2552,14.1521,14.1911,240360,2201701.2
2022-09-05,mutual_fund,14.1911,14.1967,14.0295,14.06,274445,2494767.62
2022-09-06,mutual_fund,14.06,14.1572,14.06,14.1158,220239,1926956.59
2022-09-07,mutual_fund,14.1158,14.2266,14.1091,14.2253,948322,9317427.9
2022-09-08,mutual_fund,14.2253,14.2609,13.9779,14.1,716786,7620681.27
2022-09-11,mutual_fund,14.1,14.1757,14.0196,14.0196,582111,6372210.46
2022-09-12,mutual_fund,14.0196,14.1068,14.0127,14.0359,569941,6135031.69
2022-09-13,mutual_fund,14.0359,14.2022,14.0359,14.1425,886749,9483242.06
2022-09-14,mutual_fund,14.1425,14.3222,13.8875,14.3176,802992,7704892.12
2022-09-15,mutual_fund,14.3176,14.3224,13.9426,14.0381,859497,7735992.08
2022-09-16,mutual_fund,14.0381,14.0669,14.0043,14.0485,535817,5226838.88
2022-09-18,mutual_fund,14.0485,14.0485,13.7176,13.7535,546110,5115098.95
2022-09-20,mutual_fund,13.7535,13.7595,13.5809,13.6231,466615,4592956.45
2022-09-21,mutual_fund,13.6231,13.6232,13.5136,13.5638,531321,4882728.73
2022-09-22,mutual_fund,13.5638,13.5884,13.4619,13.5211,763390,8012918.13
2022-09-25,mutual_fund,13.5211,13.5211,13.4266,13.4829,281705,2394829.04
2022-09-27,mutual_fund,13.4829,13.5123,13.4164,13.4192,238392,2134978.45
2022-09-28,mutual_fund,13.4192,13.4746,13.3617,13.3617,113042,954948.32
2022-09-29,mutual_fund,13.3617,13.5298,13.3617,13.5298,117967,1038625.25
2022-10-09,mutual_fund,13.5298,13.6246,13.5146,13.6246,111962,948479.07
2022-10-10,mutual_fund,13.6246,13.8418,13.6211,13.7396,441850,3897062.74
2022-10-11,mutual_fund,13.7308,13.804,13.7242,13.7749,339167,2797018.47
2022-10-12,mutual_fund,13.7749,13.782,13.4674,13.5394,160301,1363189.16
2022-10-13,mutual_fund,13.5394,13.6136,13.5394,13.5571,277859,2381004.38
2022-10-16,mutual_fund,13.5571,13.5659,13.487,13.4871,452085,4138634.65
2022-10-17,mutual_fund,13.4871,13.5294,13.4747,13.516,199329,1775834.19
2022-10-19,mutual_fund,13.516,13.6206,13.5136,13.5397,166913,1494471.66
2022-10-20,mutual_fund,13.5397,13.5486,13.4559,13.5044,226329,1982431.03
2022-10-23,mutual_fund,13.5044,13.5505,13.4544,13.4665,147990,1324895.85
2022-10-31,mutual_fund,13.4665,13.6085,13.4665,13.5691,610064,5692667.06
2022-11-01,mutual_fund,13.5691,13.6607,13.5148,13.6404,339629,2891895.32
2022-11-02,mutual_fund,13.6404,13.7149,13.5812,13.6769,365747,3099093.49
2022-11-03,mutual_fund,13.6769,13.6769,13.5528,13.5712,337091,2785130.28
2022-11-06,mutual_fund,13.5712,13.5877,13.4238,13.5643,387742,3234536.01
2022-11-07,mutual_fund,13.5643,13.7596,13.5404,13.7078,211617,1776896.5
2022-11-08,mutual_fund,13.7078,13.8027,13.5531,13.6719,187330,1574200.77
2022-11-09,mutual_fund,13.6719,13.6943,13.629,13.6291,221224,1773755.97
2022-11-10,mutual_fund,13.6291,13.631,13.4405,13.4657,213240,1770487.85
2022-11-13,mutual_fund,13.4657,13.4657,13.3708,13.4235,202865,1689837.45
2022-11-14,mutual_fund,13.4235,13.5338,13.3953,13.5297,124517,993290.82
2022-11-15,mutual_fund,13.5297,13.5413,13.4285,13.4479,226342,1887257.52
2022-11-16,mutual_fund,13.4479,13.4555,13.3137,13.3335,264237,2200201.35
2022-11-17,mutual_fund,13.3335,13.5564,13.3263,13.5564,275271,2358328.17
2022-11-22,mutual_fund,13.5564,13.5777,13.502,13.5325,124621,1050230.12
2022-11-23,mutual_fund,13.5325,13.5413,13.489,13.4901,110030,909468.33
2022-11-24,mutual_fund,13.4901,13.5407,13.4238,13.5407,108791,906398.35
2022-11-27,mutual_fund,13.5407,13.5468,13.4022,13.4082,265414,2241178.14
2022-11-28,mutual_fund,13.4082,13.5121,13.4082,13.4407,202978,1702418.66
2022-11-29,mutual_fund,13.4407,13.9053,13.4238,13.4855,130614,1123046.36
2022-11-30,mutual_fund,13.4855,13.5091,13.3534,13.3622,132524,1083561.56
2022-12-01,mutual_fund,13.3533,13.4851,13.3462,13.4342,121812,984703.95
2022-12-04,mutual_fund,13.4342,13.5405,13.3836,13.5183,233706,1978533.51
2022-12-05,mutual_fund,13.5183,13.5857,13.4872,13.4885,327029,2628225.83
2022-12-06,mutual_fund,13.496,13.6599,13.3006,13.387,212303,1751379.35
2022-12-07,mutual_fund,13.387,13.4366,13.1937,13.3576,449352,3752390.29
2022-12-11,mutual_fund,13.3652,13.3813,13.141,13.2289,591183,4883669.88
2022-12-12,mutual_fund,13.2289,13.4142,13.2019,13.4068,195576,1649562.82
2022-12-13,mutual_fund,13.4068,13.5275,13.371,13.5269,112805,916079.55
2022-12-14,mutual_fund,13.5316,13.5666,13.377,13.3993,128723,1122103.06
2022-12-15,mutual_fund,13.3993,13.3993,13.2226,13.2651,403968,3375435.92
2022-12-18,mutual_fund,13.2651,13.3384,13.1473,13.1538,402811,3247206.01
2022-12-19,mutual_fund,13.1538,13.1633,13.1203,13.1593,252401,1831413.23
2022-12-20,mutual_fund,13.1593,13.1736,13.1248,13.1629,475684,3772594.75
2022-12-21,mutual_fund,13.1629,13.1629,13.1106,13.124,298431,2395355.66
2022-12-22,mutual_fund,13.124,13.1861,13.0882,13.1765,288941,2285470.68
2022-12-26,mutual_fund,13.1765,13.4159,13.1477,13.4159,312091,2470235.79
2022-12-27,mutual_fund,13.4159,13.5362,13.3646,13.5115,702501,5850858.69
2022-12-28,mutual_fund,13.5115,13.702,13.449,13.5277,521190,4409213.81
2022-12-29,mutual_fund,13.5277,13.72,13.4764,13.719,565066,4786414.98
2023-01-01,mutual_fund,13.719,13.8938,13.7053,13.7726,932723,8263306.54
2023-01-02,mutual_fund,13.7726,13.7726,13.6399,13.6877,872429,7783271.82
2023-01-03,mutual_fund,13.6877,13.7521,13.6279,13.7357,598502,5151888.77
2023-01-04,mutual_fund,13.7357,13.9801,13.7276,13.9679,430924,3772482.48
2023-01-05,mutual_fund,13.9679,14.0264,13.9281,14.0251,1408683,12373436.04
2023-01-08,mutual_fund,14.0251,14.497,13.7997,14.4472,1301709,12098772.35
2023-01-09,mutual_fund,14.4572,14.7089,14.4417,14.7089,1315873,11936252.27
2023-01-10,mutual_fund,14.719,14.8587,14.6544,14.7407,1323592,12498198.31
2023-01-12,mutual_fund,14.7514,14.8366,14.5271,14.6303,1010142,9257699.17
2023-01-17,mutual_fund,14.6309,14.7219,14.4073,14.7117,2232443,22182059.01
2023-01-18,mutual_fund,14.7117,14.8184,14.6796,14.7432,1174336,10876321.27
2023-01-19,mutual_fund,14.7432,14.9897,14.6002,14.9599,899928,8250459.45
2023-01-23,mutual_fund,14.9599,15.0779,14.9498,15.0591,619416,5906866.33
2023-01-24,mutual_fund,15.0591,15.0591,14.7265,14.7436,688851,6428798.28
2023-01-25,mutual_fund,14.7436,14.9432,14.6557,14.9142,1064917,10371052.8
2023-01-26,mutual_fund,14.9142,14.9907,14.8148,14.8622,606826,5719682.13
2023-01-29,mutual_fund,14.8534,14.8534,14.7665,14.7926,622868,5607420.57
2023-01-30,mutual_fund,14.7926,14.7926,14.5893,14.6049,652919,5950424.2
2023-01-31,mutual_fund,14.6049,14.6073,14.2897,14.4843,608027,5556519.01
2023-02-01,mutual_fund,14.4843,14.538,14.3661,14.4473,568896,5094477.7
2023-02-02,mutual_fund,14.4473,14.5223,14.3996,14.4406,578045,5285231.88
2023-02-05,mutual_fund,14.4406,14.4593,14.3458,14.4593,339283,3125511.18
2023-02-06,mutual_fund,14.4593,14.5017,14.3259,14.3841,409952,3666266.68
2023-02-07,mutual_fund,14.3841,14.7324,14.3424,14.7059,550814,5219802.72
2023-02-08,mutual_fund,14.7059,14.7366,14.5861,14.6462,930896,8850250.55
2023-02-09,mutual_fund,14.6462,14.6462,14.5657,14.6223,348776,3128947.39
2023-02-12,mutual_fund,14.6223,14.6223,14.3739,14.5008,600864,5573598.99
2023-02-14,mutual_fund,14.5008,14.5631,14.4077,14.4191,348708,3220600.11
2023-02-15,mutual_fund,14.4191,14.4191,14.3185,14.3216,235380,2172351.82
2023-02-16,mutual_fund,14.3216,14.3216,14.2422,14.2922,329180,2968409.27
2023-02-20,mutual_fund,14.2867,14.4083,14.2458,14.405,1677065,16008622.24
2023-02-22,mutual_fund,14.405,14.405,14.3154,14.3839,323225,2736154.08
2023-02-23,mutual_fund,14.3839,14.3839,14.0579,14.1207,429406,3849498.07
2023-02-26,mutual_fund,14.1207,14.1277,13.9384,14.1081,457539,3798808.69
2023-02-27,mutual_fund,14.0956,14.2069,14.0562,14.1801,265298,2276514.66
2023-02-28,mutual_fund,14.1751,14.2334,14.0859,14.2328,275856,2504168.75
2023-03-01,mutual_fund,14.2328,14.2397,14.1103,14.1219,555060,4951440.43
2023-03-02,mutual_fund,14.1219,14.1268,13.986,14.0093,348578,3119091.07
2023-03-05,mutual_fund,14.0093,14.0093,13.8641,13.9283,306263,2708792.05
2023-03-07,mutual_fund,13.9233,13.9625,13.8221,13.8922,272769,2342243.28
2023-03-09,mutual_fund,13.8922,14.2135,13.8461,14.2135,243644,2186609.13
2023-03-12,mutual_fund,14.2135,14.2135,14.0736,14.1569,196316,1669780.5
2023-03-13,mutual_fund,14.1569,14.1569,14.0018,14.0095,231174,2066545.29
2023-03-14,mutual_fund,14.0045,14.0091,13.9593,13.9843,243680,1942234.63
2023-03-15,mutual_fund,13.9843,14.0345,13.8918,13.957,543084,4762666.56
2023-03-16,mutual_fund,13.957,13.957,13.8459,13.9208,136991,1173283.75
2023-03-19,mutual_fund,13.9208,13.9824,13.7585,13.7585,243754,2055015.73
2023-03-20,mutual_fund,13.753,13.8072,13.7262,13.7979,345610,2816594.31
2023-03-22,mutual_fund,13.7925,13.8075,13.7273,13.7845,345916,3085105.39
2023-03-23,mutual_fund,13.7845,13.7845,13.5448,13.6393,449197,4030159.67
2023-03-26,mutual_fund,13.1833,13.1868,12.973,12.9882,363072,3189044.13
2023-03-27,mutual_fund,12.9882,13.0635,12.9137,13.0635,356760,2755065.29
2023-03-28,mutual_fund,13.0601,13.4041,13.0505,13.3963,245044,2151554.66
2023-03-29,mutual_fund,13.3963,13.4246,13.2942,13.3715,235874,2029982.16
2023-03-30,mutual_fund,13.3678,13.4299,13.2449,13.4283,226853,1889269.7
2023-04-02,mutual_fund,13.4283,13.4366,13.3768,13.4089,247511,2108943.53
2023-04-03,mutual_fund,13.4089,13.4089,13.2649,13.2882,69563,565392.3
2023-04-04,mutual_fund,13.2882,13.3684,13.2706,13.2922,152395,1244546.74
2023-04-05,mutual_fund,13.2922,13.3841,13.1724,13.3829,153384,1316532.5
2023-04-06,mutual_fund,13.3779,13.3779,13.2542,13.2718,242409,2109466.86
2023-04-09,mutual_fund,13.2718,13.2718,13.1236,13.1754,167337,1395467.79
2023-04-10,mutual_fund,13.17,13.2719,13.1477,13.2557,277576,2378790.02
2023-04-11,mutual_fund,13.2557,13.4229,13.2331,13.4162,237852,2075022.72
2023-04-12,mutual_fund,13.4162,13.8016,13.3857,13.8016,394182,3443311.64
2023-04-13,mutual_fund,13.8016,13.8467,13.7415,13.7415,270006,2369081.37
2023-04-16,mutual_fund,13.7415,13.8134,13.6908,13.7127,383692,3328247.01
2023-04-17,mutual_fund,13.7127,13.7127,13.5158,13.526,346070,2942276.42
2023-04-18,mutual_fund,13.526,13.6712,13.526,13.6022,143096,1229469.38
2023-04-19,mutual_fund,13.5951,13.6155,13.5243,13.5385,164345,1423483.3
2023-04-20,mutual_fund,13.5385,13.5826,13.4738,13.493,167076,1435761.85
2023-04-23,mutual_fund,13.493,13.5191,13.3812,13.4825,122258,991328.41
2023-04-24,mutual_fund,13.4919,13.6942,13.4481,13.643,119188,1042389.98
2023-04-25,mutual_fund,13.6399,13.6399,13.5013,13.6303,142375,1202436.06
2023-04-26,mutual_fund,13.6404,13.6404,13.4936,13.5916,207468,1791493.47
2023-04-27,mutual_fund,13.5916,13.6627,13.5557,13.572,98488,810602.35
2023-04-30,mutual_fund,13.572,13.5788,13.3519,13.38,285429,2381596.79
2023-05-02,mutual_fund,13.3836,13.5201,13.3568,13.45,223728,1937448.55
2023-05-03,mutual_fund,13.4554,13.5348,13.4285,13.48,237893,2033654.68
2023-05-04,mutual_fund,13.4813,13.5299,13.41,13.52,241208,2116348.95
2023-05-07,mutual_fund,13.5128,13.5383,13.4163,13.52,113615,962322.21
2023-05-08,mutual_fund,13.5237,13.5254,13.4487,13.51,195599,1646596.25
2023-05-09,mutual_fund,13.5155,13.5581,13.4675,13.54,276734,2232013.92
2023-05-10,mutual_fund,13.5362,13.5362,13.3892,13.48,108528,885339.11
2023-05-11,mutual_fund,13.4824,13.5435,13.4252,13.53,118059,971745.07
2023-05-14,mutual_fund,13.5399,13.5461,13.4297,13.47,142585,1217365.63
2023-05-15,mutual_fund,13.4753,13.4753,13.388,13.42,123429,968633.15
2023-05-16,mutual_fund,13.4235,13.4559,13.3707,13.45,237121,1953906.92
2023-05-17,mutual_fund,13.4524,13.5429,13.3556,13.45,142627,1283603.86
2023-05-18,mutual_fund,13.4579,13.625,13.4144,13.62,202828,1676231.99
2023-05-21,mutual_fund,13.6233,13.733,13.5798,13.64,399753,3558498.32
2023-05-22,mutual_fund,13.6453,13.7275,13.5961,13.72,232221,2144043.03
2023-05-23,mutual_fund,13.7275,13.8029,13.5845,13.8,299081,2701685.67
2023-05-24,mutual_fund,13.8029,13.8487,13.7051,13.77,369466,3402960.59
2023-05-28,mutual_fund,13.684,13.898,13.6617,13.86,257408,2332500.66
2023-05-30,mutual_fund,13.8642,13.8642,13.6366,13.66,312825,2740544.53
2023-05-31,mutual_fund,13.6673,13.6761,13.5705,13.6,417346,3760415.94
2023-06-01,mutual_fund,13.6063,13.7003,13.507,13.61,251092,2230165.29
2023-06-04,mutual_fund,13.615,13.7329,13.5901,13.71,226556,1914329.77
2023-06-05,mutual_fund,13.7183,13.7229,13.5966,13.68,262887,2191632.06
2023-06-06,mutual_fund,13.6866,13.865,13.5828,13.86,232040,1998898.09
2023-06-07,mutual_fund,13.865,13.8735,13.7493,13.77,242888,2018002.92
2023-06-08,mutual_fund,13.7786,13.8432,13.7355,13.84,371516,3244724.15
2023-06-11,mutual_fund,13.8424,13.9008,13.7194,13.9,624552,5626517.82
2023-06-12,mutual_fund,13.9008,14.0061,13.8662,13.89,306142,2651409.67
2023-06-13,mutual_fund,13.8929,14.0586,13.8846,14.05,745550,6788135.51
2023-06-14,mutual_fund,14.0586,14.1466,13.9093,14.07,693890,6603321.16
2023-06-15,mutual_fund,14.0705,14.0832,13.9754,14.08,368369,3427859.48
2023-06-18,mutual_fund,14.0829,14.2282,13.9223,14.2,740776,6783780.27
2023-06-19,mutual_fund,14.1945,14.682,14.1503,14.65,1167228,11543221.75
2023-06-20,mutual_fund,14.6596,14.6701,14.3223,14.35,507879,4770792.46
2023-06-21,mutual_fund,14.3525,14.3525,14.1857,14.22,385894,3547564.98
2023-06-22,mutual_fund,14.2149,14.2149,14.0485,14.05,410852,3700725.85
2023-06-25,mutual_fund,14.0533,14.3168,13.978,14.31,863906,8032398.83
2023-06-26,mutual_fund,14.3168,14.6156,14.3168,14.51,787808,7454651.2
2023-06-27,mutual_fund,14.5123,14.7482,14.4811,14.74,908429,8843243.52
2023-06-28,mutual_fund,14.7482,14.8568,14.5556,14.68,852460,7859762.0
2023-07-02,mutual_fund,14.6895,14.7095,14.4943,14.57,648999,5892883.55
2023-07-03,mutual_fund,14.5745,14.6436,14.4183,14.41,612346,5859838.77
2023-07-04,mutual_fund,14.4183,14.4925,14.4095,14.44,612914,5712682.6
2023-07-05,mutual_fund,14.4401,14.4467,14.3812,14.4,670894,6041403.58
2023-07-06,mutual_fund,14.4065,14.4316,14.3491,14.36,477671,4454414.65
2023-07-09,mutual_fund,14.36,14.4746,14.355,14.41,734373,6911465.31
2023-07-10,mutual_fund,14.4148,14.5366,14.3796,14.45,717767,6564199.05
2023-07-11,mutual_fund,14.4566,14.5184,14.3485,14.51,594620,5657049.14
2023-07-12,mutual_fund,14.5109,14.7668,14.4777,14.76,504970,4555466.99
2023-07-13,mutual_fund,14.7623,14.9321,14.7077,14.84,1104094,10171019.39
2023-07-16,mutual_fund,14.8484,15.1542,14.8484,15.15,1136462,10411849.74
2023-07-17,mutual_fund,15.1542,15.1728,15.002,15.07,704857,6190694.28
2023-07-18,mutual_fund,15.0794,15.0794,14.9622,15.02,799281,7387851.38
2023-07-19,mutual_fund,15.024,15.0733,14.9295,15.06,418777,3857245.0
2023-07-20,mutual_fund,15.06,15.12,14.81,14.87,493419,4555838.92
2023-07-23,mutual_fund,14.87,14.96,14.81,14.96,775082,7208967.3
2023-07-24,mutual_fund,14.96,15.15,14.92,15.1,8841992,85114410.79
2023-07-25,mutual_fund,15.1,15.12,14.92,15.0,518844,4721711.4
2023-07-26,mutual_fund,15.0,15.05,14.86,15.05,547024,5238690.45
2023-07-27,mutual_fund,15.05,15.06,14.82,14.82,416396,4037164.23
2023-07-30,mutual_fund,14.82,14.9,14.75,14.87,685180,6441010.39
2023-07-31,mutual_fund,14.86,14.92,14.76,14.86,707523,6502133.5
2023-08-01,mutual_fund,14.87,15.05,14.82,14.91,970445,9622173.82
2023-08-02,mutual_fund,14.91,14.94,14.88,14.92,3616823,38086130.5
2023-08-03,mutual_fund,14.92,14.96,14.87,14.96,416388,3896690.38
2023-08-06,mutual_fund,14.96,15.03,14.79,14.8,471290,4530112.4
2023-08-07,mutual_fund,14.8,14.85,14.75,14.81,398963,3801269.42
2023-08-08,mutual_fund,14.81,14.81,14.69,14.71,397162,3800640.78
2023-08-09,mutual_fund,14.71,14.75,14.62,14.65,243194,2302676.87
2023-08-10,mutual_fund,14.65,14.8,14.61,14.74,339451,3244825.18
2023-08-13,mutual_fund,14.75,14.8,14.71,14.74,922616,9050119.59
2023-08-14,mutual_fund,14.74,14.84,14.69,14.83,408676,3825765.17
2023-08-15,mutual_fund,19.14,19.25,19.06,19.11,638826,5753606.91
2023-08-16,mutual_fund,19.11,19.12,18.82,18.89,625470,5468521.89
2023-08-17,mutual_fund,18.88,18.93,18.84,18.84,282757,2487258.69
2023-08-20,mutual_fund,18.84,18.86,18.63,18.8,856809,7688274.77
2023-08-21,mutual_fund,18.8,18.8,18.67,18.77,436417,3931983.98
2023-08-22,mutual_fund,18.77,18.77,18.7,18.77,673404,5827288.91
2023-08-23,mutual_fund,18.77,18.91,18.7,18.9,444018,3792176.8
2023-08-24,mutual_fund,18.9,18.96,18.79,18.79,707255,6263780.87
2023-08-27,mutual_fund,18.79,18.84,18.71,18.84,621816,5411611.45
2023-08-28,mutual_fund,18.84,18.9,18.74,18.89,826968,7258517.04
2023-08-29,mutual_fund,18.89,18.95,18.74,18.94,1546475,13939508.1
2023-08-30,mutual_fund,18.94,18.95,18.78,18.87,671517,6118599.25
2023-09-03,mutual_fund,18.87,18.88,18.64,18.67,645561,5853944.97
2023-09-04,mutual_fund,18.67,18.74,18.6,18.74,435096,3833196.16
2023-09-05,mutual_fund,18.74,18.74,18.46,18.63,269643,2442519.95
2023-09-07,mutual_fund,18.63,18.64,18.41,18.45,328887,2855915.8
2023-09-10,mutual_fund,18.43,18.48,18.33,18.48,695738,7056548.8
2023-09-11,mutual_fund,18.48,18.58,18.44,18.58,538356,5120781.24
2023-09-12,mutual_fund,18.58,18.61,18.54,18.59,815143,7470078.71
2023-09-13,mutual_fund,18.59,18.6,18.53,18.59,781366,7603028.07
2023-09-17,mutual_fund,18.59,18.6,18.4,18.52,587271,5757560.44
2023-09-18,mutual_fund,18.52,18.59,18.47,18.59,533930,5140579.22
2023-09-19,mutual_fund,18.58,18.69,18.49,18.61,680382,6718727.4
2023-09-21,mutual_fund,18.61,18.93,18.6,18.83,1546277,15112090.32
2023-09-24,mutual_fund,18.83,18.87,18.74,18.76,1811381,16901339.09
2023-09-25,mutual_fund,18.76,18.84,18.69,18.84,1939787,16172727.98
2023-09-26,mutual_fund,18.84,19.0,18.83,18.96,2368481,22037383.84
2023-09-27,mutual_fund,18.96,18.98,18.87,18.94,1799220,17640206.3
2023-10-01,mutual_fund,18.94,18.95,18.56,18.7,1500646,13313967.01
2023-10-02,mutual_fund,18.7,18.91,18.69,18.89,999017,8550620.42
2023-10-03,mutual_fund,18.89,19.03,18.73,18.73,506086,4495518.91
2023-10-04,mutual_fund,18.73,18.81,18.63,18.74,911198,7955449.17
2023-10-05,mutual_fund,18.74,18.79,18.65,18.79,409648,3410644.4
2023-10-08,mutual_fund,18.79,18.82,18.54,18.59,490695,4225311.85
2023-10-09,mutual_fund,18.59,18.62,18.44,18.49,945607,8611732.64
2023-10-10,mutual_fund,18.49,18.49,18.33,18.34,715982,6075237.52
2023-10-11,mutual_fund,18.34,18.63,18.22,18.53,569534,4925205.13
2023-10-12,mutual_fund,18.53,18.57,18.34,18.56,1089304,8997573.6
2023-10-16,mutual_fund,18.56,18.56,18.26,18.37,692958,5575045.66
2023-10-17,mutual_fund,18.37,18.57,18.28,18.56,606325,5042535.11
2023-10-18,mutual_fund,18.56,18.64,18.47,18.64,695778,6016488.25
2023-10-19,mutual_fund,18.64,18.73,18.6,18.7,501763,4324534.23
2023-10-29,mutual_fund,18.7,18.75,18.51,18.53,362346,2977519.76
2023-10-30,mutual_fund,18.51,18.51,18.35,18.45,537512,4345285.07
2023-10-31,mutual_fund,18.45,18.45,18.34,18.38,448429,3781612.88
2023-11-01,mutual_fund,18.38,18.38,18.22,18.28,591372,4768545.61
2023-11-02,mutual_fund,17.48,17.49,17.39,17.43,453703,3675856.61
2023-11-05,mutual_fund,17.43,17.45,17.21,17.26,454446,3645364.12
2023-11-06,mutual_fund,17.26,17.31,17.15,17.31,474803,3941865.09
2023-11-07,mutual_fund,17.31,17.38,17.2,17.32,711657,6165100.3
2023-11-08,mutual_fund,17.32,17.32,17.16,17.32,323545,2625675.44
2023-11-09,mutual_fund,17.32,17.32,17.19,17.28,326115,2652887.18
2023-11-20,mutual_fund,17.28,17.38,17.19,17.35,187595,1527803.6
2023-11-21,mutual_fund,17.35,17.43,17.26,17.43,978108,8137728.51
2023-11-22,mutual_fund,17.43,17.43,17.35,17.42,378547,2903572.99
2023-11-23,mutual_fund,17.42,17.48,17.35,17.43,433335,3308591.2
2023-11-26,mutual_fund,17.43,17.68,17.33,17.68,743792,5888463.52
2023-11-27,mutual_fund,17.68,17.7,17.6,17.68,613698,4863360.72
2023-11-28,mutual_fund,17.68,17.83,17.57,17.83,788552,6348794.96
2023-11-29,mutual_fund,17.83,17.85,17.66,17.72,944005,7915110.26
2023-11-30,mutual_fund,17.72,17.75,17.62,17.74,522114,4292184.91
2023-12-03,mutual_fund,17.74,17.77,17.49,17.52,419639,3190860.67
2023-12-04,mutual_fund,17.52,17.56,17.45,17.55,519219,4185441.39
2023-12-05,mutual_fund,17.55,17.55,17.44,17.52,368369,2934246.14
2023-12-06,mutual_fund,17.52,17.55,17.43,17.53,361857,2951683.45
2023-12-07,mutual_fund,17.53,17.6,17.38,17.59,309052,2529246.25
2023-12-10,mutual_fund,17.59,17.65,17.59,17.63,23225,175713.75
2023-12-11,mutual_fund,17.64,18.02,17.64,18.01,1069184,8940268.14
2023-12-12,mutual_fund,18.01,18.27,17.99,18.26,982959,7915117.56
2023-12-13,mutual_fund,18.26,18.4,18.19,18.4,764163,6463231.22
2023-12-14,mutual_fund,18.4,18.44,18.28,18.43,789988,6616354.71
2023-12-17,mutual_fund,18.45,18.46,18.3,18.35,1112953,9366701.25
2023-12-18,mutual_fund,18.35,18.69,18.28,18.67,1283831,11010395.33
2023-12-19,mutual_fund,18.66,18.95,18.65,18.94,895602,7554314.25
2023-12-20,mutual_fund,18.95,19.04,18.72,19.02,1246181,10827513.23
2023-12-21,mutual_fund,19.02,19.03,18.68,18.74,1068980,9107278.3
2023-12-24,mutual_fund,18.74,18.84,18.55,18.72,1478740,12786238.4
2023-12-27,mutual_fund,18.73,18.82,18.67,18.82,1217192,10622576.97
2023-12-28,mutual_fund,18.82,18.93,18.74,18.89,1227392,11085672.6
2024-01-01,mutual_fund,18.89,18.95,18.79,18.83,995935,8777071.64
2024-01-02,mutual_fund,18.83,18.83,18.59,18.63,965277,8252362.56
2024-01-03,mutual_fund,18.63,18.71,18.46,18.7,417977,3529257.89
2024-01-04,mutual_fund,18.7,18.85,18.59,18.85,1743661,15144476.8
2024-01-07,mutual_fund,18.85,18.86,18.6,18.83,1068541,9316040.25
2024-01-08,mutual_fund,18.83,18.85,18.62,18.83,1653725,14472042.38
2024-01-09,mutual_fund,18.83,18.87,18.66,18.8,1491112,12548718.22
2024-01-10,mutual_fund,18.8,18.96,18.69,18.86,612472,5093342.28
2024-01-11,mutual_fund,18.86,18.88,18.58,18.74,9396749,78984060.82
2024-01-14,mutual_fund,18.74,18.92,18.56,18.89,922951,7767196.8
2024-01-16,mutual_fund,18.88,19.04,18.75,19.04,781320,6524618.29
2024-01-17,mutual_fund,19.04,19.09,18.88,18.95,7860884,67113286.81
2024-01-18,mutual_fund,18.95,18.97,18.77,18.85,1240899,10557373.87
2024-01-21,mutual_fund,18.86,18.87,18.73,18.81,685811,5790572.44
2024-01-22,mutual_fund,18.82,18.84,18.71,18.81,498312,4106741.45
2024-01-23,mutual_fund,18.82,18.85,18.72,18.77,619858,5237428.16
2024-01-24,mutual_fund,18.77,18.8,18.64,18.8,730318,5914237.78
2024-01-25,mutual_fund,18.8,18.84,18.69,18.81,1117465,9389731.48
2024-01-28,mutual_fund,18.8,18.83,18.63,18.8,623923,5365372.9
